Event Link:,bit.ly/May2025DDC
Event Duration:,"𝐌𝐚𝐲 𝟏, 𝟐𝟎𝟐𝟓 𝟎𝟎:𝟎𝟎 (𝐆𝐌𝐓 +𝟖) - 𝐌𝐚𝐲 𝟑𝟏, 𝟏𝟐:𝟎𝟎 𝐏𝐌 (𝐆𝐌𝐓 +𝟖)"
Event Update: ,"𝐌𝐚𝐲 𝟏-31, 𝟐𝟎𝟐𝟓, 𝟏𝟐:𝟎𝟎 𝐏𝐌 (𝐆𝐌𝐓+𝟖)"
IGN ,RoundCount
1,1
1,3
5,227
20,72
23,276
27,626
29,44
66,2
95,14
98,14
901,47
909,13
930,15
940,116
1502,7
2900,31
7007,1
9999,16
13381,4
7296663,5
111111000000,2930
222222000000,3120
333333000000,2983
444444000000,2155
555556000000,2200
666667000000,2390
777778000000,2426
888889000000,2706
1000000000000,2439
____,976
_________,9
_Astrum_,33
~~Chester,64
~Abbyy,592
~Aiah~,721
~Aiki~,22
~Aiza,181
~Akane~,183
~Apollo,4
~Artemis,28
~Aru~,78
~Ashia,151
~Aziel,1012
~b,401
~BeMyMooni,1
~BeMySunni,6
~Boss,1655
~BraveHeart,1487
~Cavs~,936
~Chips~,5721
~Chris~,336
~ColdHands,260
~Cotton,5
~CruelHeart,5
~Denver,21
~Diane,1109
~Dodz,291
~Don,3
~DUMB,3
~Dwin~,1263
~EmoKing,1712
~EmoQueen,2775
~Endymion~,8
~Eros,21379
~fern~,1492
~Fish~,8240
~FishFillet~,470
~FishSteak~,220
~Harmie~,64
~Harumi,634
~Hazel,620
~Hui,542
~Jano~,347
~Janskie,6
~Jao,8
~JayLuna,355
~Jera,11
~Jerbaks,12786
~Jerby,802
~JingEr~,5
~Jingg,66
~Johnny,108
~JUAN~,157
~JUANNA~,52
~KaGoMe,354
~kai,14
~Kairu,6
~Kapeee,93
~KAWAL~,382
~KeLe,534
~Khea,833
~Kiro,599
~Kone,2103
~Kopeee,84
~Kuri,90
~Ky,6
~Kyomii,674
~Kyy,107
~LadyBoss,1072
~Law~,18
~Leauffy,2
~LeZzUr~,17
~Liezl~,16
~LunaZephyr,14
~Luns,1329
~LusiCheng,121
~Lyn~,6
~MAE~,5
~Maffle,1
~Mann,2051
~Mann~,881
~Meg,30
~Meowstic,5330
~MF,1
~milo,10
~Mira,395
~Mishi,1052
~MoonFlow~,2057
~Mr,38
~MrBaluga~,1
~MrsBaluga~,1
~Nicole,113
~nobi,276
~Nuno,15
~Paosio,3372
~PAWN~,55
~Popoy,187
~Prada~,46
~QUEEN~,295
~QueeN~,2
~Rae,792
~Rage~,19
~Rai,348
~Rainie,3
~Ram,1
~Ras,62
~RedVelvet,65
~Rei~,209
~REYNA~,100
~Riri,954
~Ry,1370
~Ryuu,606
~Seniorita~,5
~SolarHands,1
~Stars~,48
~Succubus~,38
~SUPREMA~,4168
~SUPREMO~,7062
~SweetHeart,1617
~TaroQ,210
~Taylor~,23
~ThrowJohnny,721
~Tokyo,72
~Twilight~,181
~Vinn,58
~Wake,13
~Wool,39
~Xavier,629
~Xena,348
~Xuno,14
~Yo,244
~Ysa,140
~Yu,59
~Yuu~,21
~Zee,10
~Zhari~,118
~ZOA,48
~Zy,1096
~Zyn,388
~ZyPH,1211
~Zyr,409
04uF,283
0b,95
0bpm,1
0hmytian,23
0la,375
0oLuckyo0,256
0TL,16
0wa,4
0Zone,11
10cutelee10,3
10hp,413
10uF,56
11uF,1789
13uF,757
16uF,319
17th,100
17uF,59
18inches,11
1a,6021
1b,6440
1bpm,1
1bpm________,6
1dgaf,549
1diot,226
1DK,11
1dle,1217
1dyll,13
1gn,261
1NKO4,13
1rl,151
1sec,3
1UP,18
1ve,6
1xbet,885
1Yami1,16
1z,656
25uF,137
26K,23
29Chihiro,10
2B,33
2KeiDi4,4
2O,4
35dB,71
3d,21
3nitt,59
3PieceBread,21945
3un,290
40uF,799
4Dy,26
4Fingers,38
4FINGERS,1
4LVIN,6
4NDR3,101
50uF,176
6el,615
7Sky,381
7ucky,3
8i8sel,10
8k,5
8NOTE,16
8th,3
8ty8,16640
9gui,9
9inches,1
9s,3
9ty9,16656
AAAAAAAAAAA,6
AAAassnEEE,12
aaabc,5
aab,341
Aacess,40
AArhym,9
aaronyxy,49
Aarre,45
Aavi,20
Abbey,1
ABCD,140
abcdelamnop,8
abcdimunyu,323
Abeee,135
Abeleda,502
Abeyance,9
ablaze,39
Abrianne,3
abt,147
Abuninay,1
Abureng,18
AC,1
Ac,24
ac,98
Accre,28
Ace~,108
AcE~,581
Aceee,24
AceHera,14
AcelChelvea,4
AcheeW,30
AchIys,12
Achooo,9
Acidastrea,127
acine,34
Ackhizkie,49
acme,5
Acquaintance,34
acx,36
Ad,161
Adafruit,17
Adaine,2
Adam,112
adan,406
adaxial,2800
Addiex,3
adelene,12
Adella,28
AdHoc,7
Adidiey,1
Adieeee,483
Admiral,7
adn,273
Adored,18
adrena,689
Adriana,226
AdrieI,539
Adriel,5
Adriele,40
Adrii,68
Adriian,1100
ADULTHOOD,173
ADVISER,94
Ady,275
Aeenz,2
Aegiya,6
Aegiyo,10
aegon,5
aeia,89
aeinne,84
aeira,6
Aeirra,61
Aeizan,3
aekosheesh,3
aellie,685
aemi,38
aemon,35
Aenn,6
Aer,42
Aergea,2
Aerie,3
Aerielle,378
Aerin27,51
Aerina,10
Aeris~,27
AerithHeart,87
Aeron,131
Aeronaaughty,56
aeru,141
Aeryne,6
Aeryz,8
aesel,101
Aespher,4
Aethyx,66
Aeve,58
Aexy,14
aeyden,1338
afcat,154
AFCKryp,8
Affinity,201
affogato,19
AFHyuno,110
AFNaimas,4
aFu,74
AgalulouPH,21
Agape,445
AGER,15
Agik,49
agnieszka,409
agniv,183
AgnusDei,704
Agramon,19350
Agri,263
Aguiluz,1
ah,25
AhBoi,160
ahdys,15
ahgao123,7
Ahikito,5
Ahj,1
Ahkie,81
ahma,5
ahMoi,1
AhMoi,164
Aho,183
Ahr,2
ahri,6
ahrissu,181
AHVI,3
ahvy,4
Ahyenn,984
Ahyi,52
Ahyonn,1252
Ai,39
Ai~,102
aiah,46
Aias,232
Aicky,788
AIcovendas,181
aiedrian,96
AiGeEgOdDeSs,11
Aigel,3
Aigo,11
aigoo,82
Aiher,150
Aihim,177
aihp,61
aii,441
AIi,140
Aiia,141
Aiikandyyyyy,134
AiiNiAui,7
aij,52
AIKA,13
Aikaux,552
Aikey,77
Aimer,108
AimeR,46
AiNi,99
aino,50
Ainsleigh,2
ainz,10
airi,156
aisen,152
Aishii,1
Aishwarya,15125
AisKrim,4
AiSlave,4
AislinnA,479
AislinnO,424
aisu,255
Aiv,470
Aiz~,969
Aizawa,73
Aizenn,322
aizn,717
aizu,229
Aji,42
Ak,76
Ak~,35
akai,10
Akame,11
akamondskie,19
Akanechan,190
Akap,167
akarii,7
Akatesha,98
akemii,22
Akhie~,156
AKi,103
Akiari,5
AKICHING,1350
AKICHONG,757
AKICHREN,5
Akiesura,44
akihiro,106
akii011788,8
Akiiii,43
AkilrA,2
Akin,1
akiojair,21
Akirachu,44
Akiva,15
Akiyoshii,8
AkoBudoy,100
akutzu,9
alaine,19
Alakasha,265
Alamin,11579
Alana,3
Alannis,4
Alas,22
Alasdair,32
alastair,14993
albanese,146
Albrecht,173
albsjae,1
Alcapone,123
ALCHED,115
Alcovendas,99
alcyganda,10
Alcyx,71
Aldin,174
aldrich,106
Aldrich,4
Aldrin,100
aldrinn,808
ale,8
aleck,54
Alecto,155
Aleiyah,105
Alek,797
Aleria,16
Alesana,1657
Alessandra,344
Alethyia~,373
Alexai,9
AlexaMia,698
Alexe,164
alexei,148
Alexeire,7
alexian,1138
Alexiandre,46
Alexiel,16
Alexine,18
Alexise,2
AlexisG,1
ALEXX,25
Aleyah,31
Alezia,19
Alfea29,76
Alfero,1
Alfri,1
algea,113
algos,13
ALi,99
Ali~,19
alindog,30
AlingPipay,15
alise,47
AlisonB,172
Alissa,1373
Aliyana,11540
aljobert,721
Allen,25
Allerick,165
Allerie,10
Alli,31
Allin,22
Allira,36
Allson,644
ALLY,508
ALLYN,24
Almirya,1247
aloe,189
alohi,1
Alouri,39
Aloysius,63
Alriss,419
Alry,57
AlryinX,28
altarf,131
altheo,4
alune,24
Alvaro,10
alvin,4
AlvinEscobar,270
Alviria,17
alya,131
Alyana,226
Alycx,614
Alyna,70
Alynette,1
Alyse,146
Alysle,341
Alyss,8
alyss,22
Alyvia,516
Alyx10,549
Alyxc,327
Alyze,57
alz,285
Alzeko,6787
Alzie,61
Amadea,34
Amae,394
amaia,710
amaks,48
amanda,592
Amanojaku,152
Amaoto,768
amara,121
Amashi,171
amayihsi,87
Ambatudance,3
Amben,164
Ambivert,3
Ambroscus,8
Ambrosia,27
Ambrosya,548
Amc,15
AMD,4
Ameee,2
ameh,472
AmeliaFreida,6
Amethys,6
amethyst,493
Amethyst~,292
amiable,39
amias,6
amier,67
Amieria,134
amira,10
Amiraaa,3858
Amirah,11
Amity,66
Amor,170
Amork,28
Amren,14
AMZ,17
Anae,37
Ananym,106
and1e,50
and1ka,16
Ande,19
ande,1145
andeh,9
andi09,66
Andii,10
andisaur,1104
Andr3s,34
Andre,9
Andrealphus,55
Andrej,90
Andres,1027
Andrian,29
Ands,67
ands,12
andz,642
Aneka,229
anemo,430
anes,47
AngasPH,14
ange,331
angelababy,8
AngelDeath,501
angelina,342
angeljhanee,12
AngeloMotus,3
AngelSky,51
Angelyuki,309
Angeruchi,153
Angevil17,88
Angieee,437
angkol,396
AngKongKia,512
Anglo,427
Angsti,16
angy,246
Aniella,6753
Aniello,6942
Anikaah,2
Anim,1629
Animacie20,41
Anin,2
Anio,72
Aniyo,58
Anjela,35
Anjjj,35
Anlo,144
ANLUO~,173
Ann~,968
annabel,58
Annary,5
Anne,13
ANNE,317
anneeee,25
AnneGanda~,5
Anni,1564
annie048,104
Annnnn,31
Anonym,95
ANONYMOUS,437
Anqel,18
anrou,56
Anseksi,6
ansel,243
Anshe,412
ante,10
Antheiaaaa,120
Anthia,343
Anthiee,39
Anthio,818
antisocial,35
Antonym,15
antonym,2
Antonyo,313
Antukin,92
Anxia,1940
ANXIETY,6
Anyah,407
Aode,26
Aoe,9
aoin,324
Aoki5,15
Aomi,589
Aona,296
Aonaran,22
Aonei,14
Aonie,4
Aotin,35
aouie,5
Aowit,73
Ap,162
Aphodel,1
Apotheka,31
Apperture,99
April,150
AQ,1125
Aquilae~,169
AR,39
Arawn,33
Arayko,2016
ArayKo,769
Arbee,63
Arcee,3470
arch,42
Archlys,299
arcky,431
Arcoiris,32
Arcueid,172
Ardy,263
Aredhel,57
Arenio,21
Arhzheng,2
ari,72
Aria,5
Arian,611
ArianaGrand3,9
Arich,194
Arin,12
Arisa,17
AriseHearT,390
Aristarkh,7
aristocracy,3
ariyen,241
arjy,162
ark,8
Arkeria,5
arkhel,1
Arkii,997
Arleng,165
Arnav,261
arnibal,645
aromantic,31
Arr,9285
arrogant,516
Arss,597
Art,1761
Artemio,23
Artery,166
Arthamiel,103
Arthamielle,104
Arthlio,56
ArthurLeywin,33
artwo,343
AruPH,24
Aruseika,37
arvs,174
Aryan,14
Aryana,2675
arym,10
aryn,474
Aryth,105
Arythe,31
Arzenjackk,8
Arzi,9
Arzt,91
as,10
AS,215
asa,6
Asakura,527
Asakusa,1
Ascend,31
Asche,330
Aschen,252
asdfq,227
Asdfvck,504
Aseya,47
Asfvckd,198
Ash~Lo,8
Ashcroft,39
Ashe,34
ashen,237
ashewin,18
ashi,724
Ashing,271
Ashiya,4
Ashlo,14
Ashnikko,673
Ashong,263
Ashuri~,104
ashwin,70
ashysunny,8
Asianleaf,27
Asin,271
aspen,85
Asphedelus,34
Asphedeluz,7
Assel,96
Assia,599
ASTERIA,29
asteropi,51
Astherielle,23
AsthroTheo,2
AstMao,6
Astoreth,31
Astraea~,220
Astraeus,362
Astreia,5
Astrotel,8
Astrud,22
Asul,1016
asumi,90
Aswang,268
Asya,2
Asynchronus,201
AsyongBaboy,1
AT,10298
at6,47
Atasha,25
AteMoGin,725
athanasia,15
AthenaBibi,143
atheng,4
AtheraPH,401
Atheria,3
Athha,497
AthosBibi,18
Athrun,487
Atiners,72
Atomiccc,8
ATPK,2
atsuko,173
Atsumi,913
Attereyn,448
ATTHENA,393
attitude,191
atx,606
Au,56
AU090909,246
AubsStar,115
aubzsie,1530
Auchira,296
Auchiro,40
AudiEx,4
Audrey,41
Audwii,1
aulelei,1
Aun~,6
AUNTIEx3,28
Aureo,149
aussie,433
austin,655
austine,370
austino,416
Austrie,1
autistic,19
AutoClick,657
Autopass,90
AutoSkip,7
aux,395
Auxella,101
Auxello,52
Auxerre,7
AV,137
AVA,13
ave,23
avenoir,4
Averna,12
Aviery,88
Avior,90
Aviro,195
Avory,198
avvee,37
Awaaa,56
awi,449
Awiin,17
Awiyet,31
awn,4
Awo,2
awo,17
AWTSU,11
AxeI,114
Axeia,9
Axeie,4
Axel,159
AxelRoss,3
Axl,163
Axr,4
Axxi,25
Axyy,15
Axzylle,513
ay,109
Aya0118,50
Ayaara,14
ayaka,135
ayame,363
Ayanamie,553
Ayara,1134
ayato,42
ayaze,14
Ayden~,1171
Aye,44
Ayef,4463
ayen,302
Ayentot,1656
Ayie,15
Aylze,35
aynsley,57
Ayobi,34
ayra,50
Ayrah,173
Ayreas,11
Ayriish,3
ayruh,953
Ayskwim,192
Ayskwimsy,4
Ayumi,96
ayyiinn,3
Ayzel,70
Ayzkwim,353
Az,81
Azaira,21
Azaire,1
Azarea,1276
Azariah,485
azariella,107
Azazil,8
aze,799
Azelea,541
Azere,1712
Azey,208
AzftDvke,5
azii,699
Azirie,6
azius,64
Azl,1
azly,279
Azmarites,6
azoorpls,40
Azr,170
azura,2
Azurea,483
Azwraith,571
azy,195
Azzedine,1
b~,96
B1po,24
b1t,238
b3nz,8
b4dawn,556
Babi0720,9
Babsyy,25
Babybpo,2
babydoll,95
babylove,925
BACARDi,3
backburner,1452
Bada,697
Bads,1
Badtrip,2
baebitos,121
Baeby,47
bahaghari,56
baichi,7
BAILEYS,58
BakaCoow,9
baket,8
Bakuteh666,14
BAL,88
bal,286
Balake,13
Balalon,2
Balenciaga,14
BALLY,7
Balong,37
BAMitsAlbert,15
Bams,902
Banafrit,58
Banban,11
BangoNeko,2
Bangus23,11
banri,62
BaooBao,16
baozhu,71
bap,2
Barbara,23
BarbieGirI,17328
BarbiePH,145
Barbilat,11
barcinal,2
Bars,8
Bartiee,2
bash,8
Bashia,16
Bashtty,13
Bastarda,306
Bastarde,212
baste,952
Bastien,300
batch06,29
Batchy,34
bathory,16
Bayad,31
Bazzy,43
Bb,120
bbc,691
bbl,5883
BBmatcha,12
BBmochi,33
bbqla,599
BBT,1
BBunny,1487
bbw,1094
BC,29
Bcm,167
bd,37
be,12
bean,142
BEAU~,156
beautiful,1756
Beba,19
bebea,6
bebem,63
BebiPao,108
bebop,604
Bechinnay,1
Beck,1
Beebo,93
beefsteak,300
beer,67
BelBel1112,351
BellaCiao,23
Bellamy~,42
bellion,46
BELLION,118
Bellsky,40
BELLY,412
benggababy,47
Bente,174
Benten,2
Benzo,23
beomie,64
bernzluck,12
Berry,61
Betamax,24
Beteranz,7
betlogans,44
Betsin,119
betycm,15
beu,237
bevxxx,31
Bewbew,157
beya,378
Beyang,385
beymax,7
Beyondd,1
BF,7899
bflc,50
Bhaby,266
Bheja,19
Bhorat,6
Bhoxcz_Ghabs,149
Bhyy,129
Biana,617
BIanca,783
Biancaa,168
BiancaMrn27,22
Bibang,64
Bibikikz,98
bibim,22
BiBiVonn,28
Bibokid,49
bido,67
Biee,608
Bienvinido,22
Biie,615
Bijin,1
bijtc,4
bimbo,6
bimby,5
Bina,212
binangkal,2
Binata,2
BinatangPH,15
Binatog,18
bing,29
BINIMaloi,6
Bino,167
BinskiePH,333
birdy,57
birdyn,90
birman,29
biscuit,550
biscute,91
bishamon,20
Bisinti,734
biskit,640
biskyut,80
bituwin,776
Biu,73
biu,55
biubiu,54
Biyo,171
biyoo,4
bizkit,653
bkq,189
BL8C5TYPER,19
BLACK,34
blackblurry2,308
blackdeath,349
BLACKLABEL,606
BlackLeg,361
BlackMaria,55
BlackOcean,11
Blackout,23
BlackPH,571
Blah,4
blah10,589
blainn,2
Blanchee,54
Blancheir,2673
Blancpain,138
Blane,181
blastoise,30
Blay,867
Blazee,10
Blazen,651
bleak,225
Bleaued,29
Bleed,394
Bleu023,16
Bleykkk,11
Bleyrrr,21
blithe,46
Bloody,26
BloodyMaria,48
blowjob,1938
bloy,880
BLR,443
Blu,13
BLU,6
BlueEyes,46
bluem,150
BluePH,439
Blues,7
BlueZx,161
Bluff,285
Blurkey,10
bluu,23
Blvy,7
BLWH,236
Blyr,5
bmd,530
Bmf,15
Bnogz,21
BO,3
bo,1
boa,125
BOARNECK,21
Bobbie,12
bobby,56
Boboka,17
Bochi,1
Bogeh,27
bojio,6
bokchoy,370
bokgyu,117
bokieee,2
bokish,12
bombo,467
BONE,72
Bongun,821
Boni,154
Boniita,2133
Boniito,1197
bonk,28
Bonky,140
BoNsKi3,52
Bonus,4197
Booboo,48
boomerang,1
BoooooWrath,53
bora,54
Bored2Dance,536
Bored2Death,570
Borgy,2
BossBaby,3
BossingJj,41
BossPaye,23
Bosz,16
both,187
Bourbun,20
Bowdone,1
Bowgart,53
bowie,3
BoxCat,13
BoxerRocker,32
BOY3T,77
Boyaks,19
boythereee,28
bozo,191
bq,219
BR_Angelo,26
Br00M,30
braile,186
brain,151
braise,274
Braks,387
Brazzers,25
bread,45
BreadLord,17
BREE,21
bri,27
Bridgett,2250
Bridgette,2796
Brites,606
Britney,102
Brittanyyy,54
Brittney,7
Briyanna,50
Brococonut,30
Bronco,8
Bronov,16
Bronx,55
BrookshieId,4
Brookshield,4
brown,8619
Brr,88
bruno,93
brunopacman,24
Brx,246
BRYANN,1807
BryBry,6
bryceee,7
brye,3
bryle,173
BRYLE~,213
Bryony,308
Bryt,15
bryte,20
Bryze,27
BSMamra,5353
Btch,569
BU,461
BUBBLEGUM,715
Bubblegummmm,391
Bubbles,27
Bubblesza213,34
Bubblez,88
BuBbLeZzZ18,28
bubsy,5
buddy,234
BUDLIGHT,28
BUDWEISER,117
Bugnot,293
bulilit,37
bully,102
bumi,10884
Buname,260
Bunchee,78
BUNDABERG,39
Buneary,2
Bunjing03,2
Bunzy,44
burberry,8260
bureme,2
burikat,22
burikot,98
burnek,64
BurningMan,23
burnt,4
Burrger,1006
Burritoboy,3
Burtulok,5
Busog,56
Buts,157
buwan,937
buyao,17
buyihan,26346
Buzz,6
Bwst,180
Byeol,18
Bym,12713
ByoksKyyy,192
Byrone,11
Byrrr,17
c00oo00kie,11
c2c,30
C8,234
Caballer0,189
cabbage,1434
Caccia,39
Cadbury,496
Cadhla,18
Cadiz,72
Cady,744
cae,307
cae~,19
CAECILLIANS,276
Caede,33
caedo,17
Caelde,561
Caella,39
caelum,4
Caelum~,524
Caeryl,111
Caesius,705
Caffe,13
cah,566
caia,292
caifan,44
Cailunn,1
Caine,73
Caipirinha,338
caipng,100
caius,15
cajun,4248
cakebkk13,1745
cal,12
Calcharo,42
Calee,182
Calhoun,241
calib,8
calico,34
CaLie~,360
Caliner,12
Calista12,130
calixe,11
calixto,38
Calliope,39
Callista,2
callmecatz,25
CallmeDaddy,8
CallMeNaNa,41
calloway,32
caloii,234
Caloy,140
Camansi,4
Cambriel,9
CAMERON,2
Camilululuuu,49
CamzTzy,92
canary,296
Candicee,3
Candore,414
Cane,66
CAng,2
Canna,4
Canny,582
Caorie,628
Caoru,629
Capable,13
Capucine,1
Capybara,814
CaraBear,20
Carajillo,83
CaramelPH,354
Carcinogenic,1
cares,14
Cariz,7
Carline71,1
CarloM,26
CarloNasol99,5
Carluuu,1079
CarmeIa,3
Carrion,117
Carstairs,856
Cartier,1
Cas14,162
Casey,10
CashmereLuv,412
casshewnuts,30
Cassia,11
CASSIE,52
cassius,1
CASSY,1229
CASTLE,46
CasvaI,37
Casvai,20
Casval,18
CasvaL,21
Casy,4
Catastrofia,7
Catherine,1
catherine,2172
CATHERINE,670
Catherineeee,7
cayden,20
cazi,665
cbk,29
Cc,66
ccy,33
cdg,23
Cea,28
ceane,1
ceb,44
CEBBY,28
Ceddi,2
CEE,7
Ceeessy,81
Ceez,508
cei,495
CEI~,4
CeIes,23
CelestE,15
celeste~,111
Celestyn,7
Cely,22
Cephalic,41
Cephea,13
CephNiCass,87
Cere,769
cerise,284
cerize,232
Cerridwen,50
cesil,470
cessyyy,184
cesz,37
Cev,1
Ceyla,9
Cezyle,198
Ch00sy,331
chabby,290
Chaby,47
Chacci,6
chaddy,318
chaecass0,20
chaelly,1
chaeyim,25
ChaHae,8
Chaien,1
chaii,7
ChaIIenger,107
Chaiy,289
Chakra,510
Chalcedony,346
cham,238
CHAMISUL,5
Chamomile,34
Champee,146
Champong,279
Chan,1493
chandria,32
ChangLi,84
Chansey,13
ChanWu,7
CHANX,47
chaooo,120
chappy,327
Charelle,155
Charikleia,11
Charm06,675
Charmie,11
charmmy,3381
Charotera,35
charry,379
CHAS,248
Chava,173
chawap,484
chayee,40
Chayyy85,24
CHAZ,262
chaz,3
chazzy,126
Chearys,907
Cheebee,874
cheeksilog,3
cheekueh,604
Cheeky~,12
Cheesecake18,13
Cheesy~,548
chelsey,679
chelsie,21929
cheMAEst,110
Chendy,587
chenn,328
cheolito,135
chere,707
cheritzu,2
Chernobog,18
chervelle,6
cherzz,31
chesley,275
Chewee,1
chey,26
Cheza,30
Chezu,147
chia,240
Chiaaa,24
chiaki,9
chiasa,14
ChibiYoukai,4
Chica,606
Chichiii,10
Chichodoug,15
chichoo,27
chide,3
chie,9
CHIERI,2786
chiibi,6
chiicc,25
chiii,63
Chiiii,620
Chiioh,5
Chijeu,29
Chikaboo,48
Chikiin,102
chikki,25
Chikkita,230
chiko,10
CHILDHOOD,172
Chilyyynnn,1
ChiMmyx3,113
Chimmyx3,2
chini,207
chinitokun,21
chinkang,548
Chinoue,155
chio,27
Chiobuxbusty,7
Chipsss,192
CHIRIKO,10
chirimi,45
Chirstian,20
ChirstianYG,1
Chiseeeeh,53
Chitaru,13
CHIVAS,65
Chiwee,30
Chiye,97
chiyow,2
chizo,392
chizu,687
CHLOE~,43
chloecloudy,7
Chlorophyll,41
cho,566
Chocoolate,133
ChoeyChoco,44
ChoiDalPo,113
Choii~,513
chojo,107
Choke,10
chonan,2
chonk,77
chotto,26
chouxchou,183
ChrisD,12
ChrisDonato,9
ChrisJohn_,885
Chrissy,97
Christian,15
Chrls04,57
chrm,412
ChroNica,24
Chronos,5842
ChuchaKulu,1
Chuchay21,2
Chuchiko,31
Chuchiku,657
Chuie,15
Chuks,157
Chumpoi,202
Chunny,1
Chupeps,222
Chupon,4220
Chupranatics,9
chutoro,69
chuuya,6
chxr,243
Chyri,578
Chyru,627
Ciaa,1
Cianna,19
ciano,358
cias,12
Cicii,97
Ciello,33
cielo,4
ciera,2947
CIFER,10
Cifrion,3
ciiel,19
Cillian,33
Cinaed,35
cincai,6
Cinnamon,525
CINNAMOROLL,192
cinque,32
CirelIe,457
Cirelle,887
Cirrelle,753
civic,650
Civv,993
cj,210
CJV,5
CJV1213,64
ckhj,382
Ckrt,472
clair,194
CLAIREE,353
Clar,51
Clararara,9
CLARENCE,506
Clarke~,5
Clarkeh,538
Claud,10
Claud2k,12
claude,45
claudia~,36
claudia995,11
clayy,6
ClayyandSaks,761
CLAYYandSAKS,478
cle,2
Cleeve,26
Cleiruchi,780
Cleo,1
Cleo~,71
Climb,207
Clin,3
Clinton,52
Cln,34
Closer,625
CloudBunny,1
cloudee,581
CloudPooh,1
cloudsofali,3
cloudsoflili,8
cloudtaco,8
cloudyyy,47
CloverSun,85
Clues,1
clumsy,2
Cluros,53
clxz,449
ClydeVonn,1
clyfe,16893
clzx,385
CMRei,2
cms,17
CMSiren,12
cmz,264
CnywrPH,596
cnz,11
coaal,23
Cobee,1388
Cococ,32
Cocogoat,242
Cocopoko11,6
CocoXiaoEr,23
Code,59
Codie,60
Coe,13
coen,2
CoffeeAngel,429
CoffeeFloat,13
COFI,42
Cogliostro,373
coi,85
CoIe,24
coke,23
CokeFloat,12
Coldflow,1
Coleeee,101
colt,1
Coly,548
coLz,10
Colzz,151
com,394
com8,220
comet,337
ComputerEasy,243
Con,13
Congressman,1565
Conq9iJenz,5
conrad,60
CONRAUA,276
cooK1z,342
cooldr1ve,86
coors,177
Copy,11
Corinne,10
corlys,958
cornbread,45
Cornettooo,35
Cornhub,45
Corrine,16
Cortez,974
cortez,1
Corvus,366
corwynn,670
Cosine,6068
CottoN,17
CottonBuds,15
CottonRabbit,1
coux,504
CPA,5
cqc,42
Craig,3033
cranky,236
crayson,6
CrazyMix,150
crazytales,1138
creily,1670
Creme,101
Cresil,2134
Crexia,7
Crezene,21
cries,301
Crisantie,6
Criselly,2914
Crispybibi,330
Crissa,296
CristaPH,1587
cronus,297
Crow,47
Crowe,4626
Croxx,217
crsta,45
Crusher,3
crys,206
cryst,19
crystelitas,53
crzy,52
csea,2
CsF,147
Csor,291
Cssy,794
csy,3
Ctn,1
cu,3
cube,6
cubee,7
Cubi,630
CucBo,13
CucHeo,28
Cucu,1
cuddle,20
Cuddles,12
Cuffly,3
Cuh,13
cum,8
Cupnoodle,1
CuteMe,5
Cutephobia,512
cutiechubz,18
CutieEli,2
Cutielikeme,11
cvnt,74
cw,7
CX,7
Cxa,465
cxi,486
Cxsy,615
cxx,571
Cxzy,422
CY,126
Cy~,790
Cyanea,18
Cyanelle,27
cyanix,60
Cyclone,579
cyg,259
Cymry,24
cyn,664
Cyno,271
cyrl,117
cyrs,550
CYX,17
Cyxz,118
Cyys,47
Cyzx,51
cyzx,5813
Czaee,625
Czain,14
Czaly,12
Czaneil,715
cze,1
Czein,5
Czelestia,638
Czelestin,24
Czeraphine,107
Czerene,994
Czewyn,53
Czhel,856
Czsy,675
czx,16
Czxy,911
Czyzy,2
da,45
Da~,893
Daalya,68
Dabawenya,26
dabendan,2
Dada~,74
DaddyDean,851
DaddySiopao,9
DaddySows,1
DADEERPS,6
Dadsz,9
Daeeee,26
Daem,333
Daemon,70
Daemon~,631
daewong,1116
Dahh,313
DahIia,9
dahliaa,70
dahmer,45
dailyn,19788
daishinkan,739
Daisy12,16
DAIZY,99
Dakiii,12
DAKILA,106
Dal,18
dalgom,6
Dalia,17
Daliah,143
dally,99
DAMBUHALA,29
damn,19
Damon~,61
Danasaur,1
DanceMonster,112
dancingduck,2
DancingTITI,867
Daneee,18
Daneries,1
DangoTango,57
dani,16965
danieI,1434
DanielKang,9
danielle,1
Danii,9478
Danna,1633
DannaSaur,761
Danni,142
DanniSaur,28
Danosaur,83
Dansei,23
Danteee,6
DanteeeGGG,5
Danx,265
DaoMingSugat,3
DAREDEVIL,15
Daria,2
darien,19678
Darkresi96,5
DarrenJohn,94
darryl,133
DarthGaydar,11
Dasal,2
Dasan,104
Dash,615
Dash2,1170
Dasol,14
dastan,1
dastin,137
Dats,32
Daun,33
DAve,550
Daveen,34
Daven,13
DaVice,17
Davinci,120
Dayanggi,96
Dayea,631
dayna,2
DAYNE,13
Dazbee,480
dbb,298
Dbeee,6
dbtk,208
dc,14
Dea,177
deadlysins,147
DeaFitz,5
Dealer,436
Deamon~,544
DEANDRE,107
deandre,25
Deathh,8
Debskieee,234
Decathect,2
deci,142
DeclanPaul,17
Declipse,143
DEE,195
DeejayDomz,1
Deew,330
dei,243
Deia,241
Deianira,65
Deianiro,84
Deki,37
DEKYO,7
Delicades,33
Delilah,167
delinquent,64
delirious,95
delulu,403
Demetriyo,632
demise,50
demon,6
demonyo,4
demyz,1886
den123den,3
Dendei,787
DENISE,764
Denna,69
Densio,2
DENVERJOHN,38
DeoSemper,4
derfla,153
deric,3744
derivent,15
Derp,6
DERRICKA,8
DerynEthan,16
desisyon,1
desmund,10
deuce,679
Deuxxx,446
Devatik,4
Devika,17
DevilDeath,604
DevilyueH,212
Devinah,42
Deviruchi,571
DEWISIRI,20
deyan,18
deyv,77
Dezzo,344
DFYC,43
Dhae,3
DHCP,2
Dhritii,2214
Dhs,58
Diablo0216,2
Diah,8510
Diana,84
Dianna,11
diaoni,12
Diavolo,7
Dibs,7
Diddie,31
Didier,35
Diether,22
diggywiggly,19
Diko,75
diLaurentis,16
dilly,13
dimun,28
din,44
Dinoo,597
Dinou,71
dion,163
DISCONNECT,8
Distraught,446
Ditto,116
diulei,32
div03,104
diverse,1386
DivGB,115
Dixie,5374
dizzle,15
dj,902
Djane,2
Djinnn,1
DJkramm,8
dk1,314
DKZE,10
dltrx,53
Dlx,8
dn,659
dni,79
dnum,745
doc,358
Dod,22
dodiggo,1
Dodoria,15406
Doechii,14
doggy,1507
dogshit,34
Dohaeris,28
doie,355
Dokebi,8
dokie,7
dolce,274
dolcie,2
Doldilocks,3198
Domainic,442
Dominance,76
Dominic~,884
Donburi,19
Dond,185
Dondi,62
DongMaster,2
dono,411
Donsky,1102
Donya,5
doodle,73
doodlydonkey,585
doodlypiggy,1259
doodoo1,21
doozie,12
dopamine,128
dora,54
dorami,2688
Dorang,1
Dorayaki,7
Doryy,22
Dottore,7
doufu,13
douyao,29
dowmeyyy,12
doy,23
dq,384
Drago,8
Dranelzxc,5
DrCloudz,6
dreaaa,230
Dreeddy,13
dreiyu,101
Drewan,12
Drewskie,11
Drink,35
Drizz,16
Druid,435
Drunk,3
Drw,43
DRY,412
Dryad,302
Dryze,585
Dubi,30
Dubilier,6
Dubs,238
duda,287
dui,60
DUKE,1
DukeKaeirro,17
dulshimself,12
dumb,14997
dummy001,12
dummy002,11
dummy003,11
dummy004,12
dummy005,11
dummy006,11
Dumphy,914
Duna,125
Dunami,101
DunkinD,377
dupr,691
dushLord,940
Dust~,260
Duxk,4
duzier,950
Dvion,23
DWDANNY,401
dweya,7
dweyn,25
DwightRamos,204
DWxyz,56
Dxj,696
dy,193
Dy,752
dyaks,59
Dyan,8
Dyasi,4
Dycedarg,141
dylan,1256
Dyn,8
dynn,11
DYOSAA,70
dyotto,5
Dytt0,221
dyu,18
dyy,613
dzz,79
EA,493
eac,23
Earl,3
earlgreymt,477
easton,15
ebat,219
ebikoo,26
Ecille,1255
EcLipSe09,15
Eclipta,57
ECSTASY,10674
EddieGarcia,46
edith,107
Ediwooop,161
Edjieeeee,617
edna,524
Edzz,9
Eeer,10
eenaa,18
eevee,466
Eevyaj,649
Eeyore,219
efking,920
EFREN,1270
Eggplant,83
eggtart,326
egoist,60
ehan,17
Ehj,96
Ehlise,245
Ei,44
Eian,4833
eigger,24
Eigie,2876
eIIe,2822
Eijin,2
eiko,53
EIla,23
Eily,738
Eimr,23
EinjhelL,53
eiora,520
Eir,9
eiri,99
Eisbecher,13
Eisko,111
eita,125
Eiuhna,28
eizen,323
Eizenn,253
EJ,1
EJay,33
Eji,1777
ejia,7626
ejio,7624
ekai,12
Eki,154
Ekiel,11
ekupol,431
ElaChai,42
Elai,322
Elaina,21
Elay,182
elcaine,1
Elcy,297
ELDON,25
ElemenoP,3
Eleo,16
Elfaria,69
Elfy,45
Elii,3
Elijahhh,98
Elijha,40
eliot,1542
elisa,15
Elisea,64
Eliseo,61
eljey,61
ellai,591
Elleia,30
Elleonor,7
elleria,47
Ellexy,92
Ellice,539
ELLie~,521
ellieee,3
ellio,44
elliot,31
Elliotte,15
ellys,363
Ellys,130
Elma,35
elodie,1221
Eloise,168
Eloise03,1
elouri,17419
Eloy,23
elphaba,122
elroy,782
elsie,22058
Elsinki,3
Elson,190
elspeth,55
elusyon,86
ELVIOR,4
elvy,556
Elxy,226
Elyy,3
Elyz,20
Elzei,10
Elzorious,2
Elzy,756
Em0Jolene,688
EMELIA,120
emiko,1083
EmineM,102
Emma15,7
emme,201
EMME,1
EmoKazumi,742
Emotion,10
emou,746
Empress,21
Emss,106
emzkie,4
Enads,19
eNaiD,6
Encantadia,1
Encore,3
Endless,76
Endo,103
EndoM2L,38
endymion,187
eni,13
Enica,127
enid,116
enitsirhc,617
enj,92
Enjie,161
Enka,9
Enma,5
EnMisty,18
Enno,8
Ennui,122
enoki,33
enou,404
ensley,52
Enthrall,282
EnTrilogy,13
envi,54
envre,572
envu,54
ENZO,39
EnzosReign,36
Eodum,98
eon,15
Eoni,5
Eonni,30
Eqi,370
equiluxe,125
Equines,25
Ereh,34
ErenJaeger,21
Eri~,21195
Erian,163
Erianea,84
Erid,24
Eriena,454
Eries,12
erih,22
erika,3
Erin02,39
erinn,4
Erinnnnnnnn,6
Erinyes,9
erl,11269
erm,321
Ernie,486
Ernzz,444
Erol,806
eRos,23
ErosPH,557
Eross,112
Error22,179
Error401,113
Ers,35
Ersan,35
Erson,17
ervs,243
erwen,5
Erxn,110
eryc,238
Eryle,620
Eryn,222
Erzaaa,10
Erzelda,30
Esang03,453
Eseclya,16
eshi,549
Eshing,244
Esil,574
Eskinita,48
Esmir,393
espolon,24
Essence,5
Est,35
estee,167
Esteem,374
estele,146
ESTELLE,11
Etan,5129
ethndrrn,13
euan,35
Euigeon,4
Euinne,127
Euls,41
Eunae,146
eunhee,714
Eunhyuk,1
EUNICE,10328
EunJi,2
Eunoia,54
EunPH,258
Eunwon,144
eunwoo,2905
eurekaa,521
eurybia,844
Euschrillia,8
Euxia,43
Evabi,28
Evandro,27
Everlyn,4
eviee,6
Ewi,44
ewick,694
Ex0,57
exia,371
Explicit,2
Ext,19
Extremist,1
exx,348
eXxraLii,1
ey,89
eyaa,146
Eyci,339
EYMI,10
eymi,81
eyn,20
Eynno,134
Eyras,16
Eysii,18
eyy,39
ezg,1
Ezieqiel,10
Ezio,41
EzklJhn,5
EZKLJHN,4
Ezraez,152
ezreal,48
Ezui,154
Ezze,118
Ezzi,105
Ezzu,13
f1,165
f2,177
f3,61
Fabulosa,151
faelyn,141
Faeri,13
Faero,27
fageu,15
FairyLads,21
falco,14
faline,17
FAMIE,629
Famie,903
Fancyy,18
Fangs,18
Fara,19
Faster,567
FATE,28
Father,787
faultea,9
Faurey,199
Faurie,257
Faustine,4
favor,32
faye,76
fayee,24
Fayeeee,88
Fayeeeeee,36
fb,50
fch,27
Fck,655
FeAn,443
fearless,172
Fedora,443
feii,26
Feimo~,98
FeinisPH,497
Feitn,43
Fel,19811
Feld,46
FeliX,30
felixe,91
FelixPH,391
Fellow,8
femmezatalia,200
Fen,20
FEN,5
fence,1104
fengye,14
Fenri,174
Fenrys,635
FENTANYL,52
Ferguson,315
FERRERO,211
Ferunaru,627
feryl,2
Fethchu,143
ffffffff,116
Fhify,2
fia,3
Fiamatta,492
Fibonacci,59
Fidi,12
Fiel,21
FiestaGasuL,51
Fiffy,28
Filconey,46
Finnnn,308
Finral,9
FionnaRicher,260
Fir,5
Firefluxxe,2
fiyero,5
Fjiolla,35
fkksht,3
fksht,5
FlashPhantom,3
flawedmango,19
flawedmaqui,13
Fleii,167
fleris,17951
Fleuryn,220
Flience,36
Flirty,7
Flopflop,141
Flotia,48
Fn,410
Foine,54
foja,1
fojx,14
Fon,230
Fondant,1
Ford,62
fordyyy,46
Forgram,16
ForYou,13
Fossa,10
foul,69
foxen,16251
frails,17836
FramariePH,609
France,75
Francxs,48
Frank,25
frans,457
Frapp3,45
Freaktion,6
FreakyGirl,18
Fream,90
fred,49
Freeda,131
Freg,171
freja,247
Frell,2
French,10
Frenzy,14
Freude,5
Freya22,71
Fria,435
fried,234
friedtofu,159
Frijia,140
Frisky1,19
Frode,137
Frostey,970
Frozz,394
Frxncesca,4
fu,87
fubb,8
FUBU,292
fubu,12
Fuck,21
FUEGO,8
Fuffy,468
Fuijin,1
fuji,1
Fujimiya,25
fukiko,6
Fukikoto,6
FURRAE,1
FurrNold,42
furu,143
Fuyuki,69
FvkemoMekuto,189
fwb,1184
Fynx,815
fyxen,12
Fyzal,23
fzt,8
G3,40
g56,2
Gaaab,25
Gaara,127
Gab,12
Gabby,208
GABBYY,95
Gabel,27
gaber,13
Gabzy,26
gabzygy,32
Gael18,1
Gaga,3
gagupaupao,2
Gai,179
gaiety,28
gaisce,43
Gaja,75
Gakky,1
GAKKY,872
GakupoChan,23
gallagher,105
Gallier,1
Gamaii,167
gaminger17,536
gaminger19,1441
gaminger20,1487
gaminger21,1975
gaminger2I,384
garchi,10
garev,3
Garp,8
Garrett,73
Garu,1589
gaslighter,610
Gastiratbu,148
gate,44
gatt0uz,434
Gavs,2
gawk,734
Gceee,115
Gdc,34
ged,29
Geegomoto,3
GeeJay,34
GeeSauceFrys,15
GeeSpot06,28
Gege,157
gehsiao,7
Geil,110
gek,7
Gelaii,11
GelatoniSkye,2
Gelified,567
GeloMendoza,2
gembu,24
GemNjay1211,41
Geni,54
Genji,8
genn,4
Gentle,155
Gerald,412
gerald,16
gerden,1
germzie,18
Gestalt,26
Getsuu~,632
Gewilyn,1
GF,8060
gfabuser,4
gfdsaries,13
Ghe,27
Ghoti,588
Ghrey,4
gibe,240
Gideons,8
Giinn,443
gijie,99
Gimar,166
GIMBAP,468
gin,2654
Ginapang,627
Ginapos,17
GINNNN,49
ginobells,430
Gio123321,7
Gioe,6
Giovanni,26
gis,137
giud,747
Giulia,28
Giyo,24
giyow,556
giyu,1
GK,10
GKun,4
glaceau,31
Glacius,2
GLAMOROUS,19
glamour,20561
Glass,99
Glasya,16
glhs,188
GlitchNaraa,38
Glitchx,9
Gloss,449
glow,3475
glum,96
Glutahya1,2463
Glutahya2,1662
Glutahya3,1650
Glutahya4,1661
Glutahya5,1552
Glutahya6,2414
Glutahya7,40
GMAxle,20
gmb,276
GMToFu,21
Gn,398
gna,17065
GNA,2
Gnilin,1
gniq,99
Gnocchi,570
Gnocco,264
gnyx,26
Gold,381
Goldnions,27
Gomburza,555
Goms,94
Gon24,4
gongcha,21
GongjunimYG,4
Goo,1
Goodboy,46
Goog1e,61
gorg,142
GorgeousGirl,30
GOSSIP,224
Gother,19
Gotye,2682
gouenji,36
GOVERNOR,1119
GQ,120
gr,83
gra,3
grabpay,433
graceson,403
gracexhel,527
grahams,431
Grail,65
GrannyGoose,48
grant,355
grayz,28
grb,82
gred,112
Greem,28
GreenDora,75
GreenLabel,2294
greige,65
gremio,490
Gremory,15
grent,578
Greta,68
Griffer,14
Grimstroke,944
Gritty,23
gry,1
gsaucefries,13
GSM,24
gta,215
gu7,2
guai,1
guan,34
Gudo,109
guil,613
GumiChan,49
GUMIHO,1
GuoHuaPing,12
GuoXiang,59
Gureizu,31
GuWeiYi,23
GwenGarcee,9
Gwy,16
Gwyneria,6
gwyneth,186
Gwynne,955
Gx,388
gxfc,256
Gxnz,25
Gye,48
gyein,1839
Gyle,284
gylingoo,58
Gyuto,2
gzm,253
Hacchi,78
HACHIMITSU,311
hacipupu,95
Hade,9
HADIS,527
haein,157
HaeIn,18
Haejin,8
haera,129
haerin,314
hah,1
HahiGHI,3
Haia,325
hailey,167
Hailie,16
HairDye,8
HAIRU,123
haizake,882
haizaki,163
haize,70
haji,9
Hajira,92
Hajiro,83
Hakdogg,6
Hakdoq,40
haki,82
hakia,18
Hakkaii,120
HakManDoh,312
Hale,18
Halie,28
Haliyah,416
HallsiToto,15
Halsey,26
Halva,186
hamburger,23
Hami~,46
Hamlette,3
Hamtaroo,644
hanabibe,124
hanae,526
hanako,212
handjob,1453
Haneo,415
Hangeul,78
Hanif187,34
Hanilethh,26
hanime,12
hank,74
Hanley,29
Hanni,16
hannn,979
HanShadows,42
Hanweii,54
hany,51
HanYanRou,10
haohaohehe,8
Haoki,241
HAOO,16553
Haoyu,63
hapi,2
Happyfeet,7
HappyTears,988
Haraaa,658
Haramm,641
Haraya,32
HardShore,6
hare,129
HARGAO,75
Hariyaline,4
Harlan,34
Harmonica,520
Harmonico,442
HarrisRH,7
hars,151
harthyyy,3
Haruichi,67
harukazx,5
Haruto,46
Hate,1200
Hatterene,2
Haunch,3
havin,28
HawHaw,92
HAWHE,15
Hawkee,41
Hawo,101
hayabusa,14
hayami,210
HayatoSuo,113
Hayii,10
HazelJoyce,43
HazelNut,21
hazhel,36
haztkyrie,2
HB,10
HCL,1
hdd,141
hddnblde,6
HDReturnXLv,4
Healer,30
Heart~,598
heartfelt,9
heartless,580
Heartums,5
Hearty,5
Heaven,164
heb,35
Hebrus,618
Heeeeeeyt99,11
hehz,24
HEIHEI,162
HeIias,1085
Heiley,382
heise,10
Heise,7
heisenberg,499
heize,646
Heizzii,62
Hela,126
helen,33
helene,314
HeliaJudges,6
Helios,305
Hellas,432
helloJ,732
hellu,2
henki,6
Henley,255
Henwy,37
Heparin,260
Hephep,5
heptagon,560
her,1091
Heracles,50
HeraPH,112
Herb,104
HerForever,1572
herm,136
hermes,315
HermioneGrey,5
Heroine,26
heronale,4143
Herondale,77
hersha,3636
Hersheeey,15
Hertz,33
hespera,53
Hessa,51
Hessi,1016
Hestia,720
Heu,164
heu,17
Heureux,22
heva,17
HevAbi,76
hevv,4
hex,1
Hexa,461
HEXAGON,32
hexagon,982
Hexlyne,53
Hexwyne,35
Heybiblee,87
hhd,439
Hibiscus,16
Hickey,128
Higanako,18
Himeka,37
HinataKun,4
Hinotama69,5
hiraeth,16
Hirai,128
HiramLodges,43
Hiraoki,20
hiraya,73
Hiraya~,300
HIROMITSU,35
Hirosaur,15
Hiroshin01,59
Hiru,30
Hirui,131
hirunkit,207
his,10623
HisForever,2003
HisRain~,134
hitomebore,39
hiver,319
Hiver,8
hizuki,247
hmph,72
HNPC,4
Hodgkin,17
Hoedas,14
HoFF,3
Hoit,7
Holic,532
holmes,22
Homi~,4
HomuraX,1
Hone3y,5
Honeytail,25
Honigkusse,241
Honigkussee,184
honoka,129
Hook,17
Hooke,16
Hool,281
Hooray,11
Hope,4
Hosh1,9
HOSHIN,59
hoshino,50
Hoshirou05,27
Hotcakes,71
hotgirl69,9
HotWater,441
howareyou,45
howie,132
HoYeon,14
hpzii,739
hrcls,5
HRLD,685
HRManager,2
html,303
Huaa,55
huaazai,129
Huangzhe,6
hub,260
Hubin,17
Huckabee,16
hUeee,117
Huginn,15
hugot,8
HUKOM,468
HulyA,411
hulyo,343
humdum,3
Humphy,1092
HuMpty,8
hungry,535
Hurricane,629
husband,10
Husky,1
hutch,22
huxley,132
huy,5
Hwan~,499
HwaYeon,943
hwl,288
hxy,53
hya,90
Hyacinth,26
hyde,276
Hyeein,59
hyeine,21
hyenie,55
HyFerBeast,1
hygge,297
HYLA,276
Hypnus,306
hyuka,125
Hyuko,15
Hyula,28
HyuNa,270
HYURI,307
Hzlmachiatto,108
Hzy,5
iabjae,1
iae,121
Iah,6
IAmAtomic,27
iamcashless,11
IamChaeberry,4
Iame,963
IamFlorence,461
iamNerds,2
iamz,24
Ian,231
iarii,631
IASY,9
Ibby,5
icaa,1
ICanTaughtU,12492
icarux,65
ICBS,464
iCEEEEEEE,8
iceiceice,91
IceWater,89
iChi,200
Ichika,12
Ichikawa,525
IchiroPH,96
iChoco,1221
icyou,6
Icyyy,29
Idan,56
IdkPH,355
idyll,27
iej,327
iel,381
iem,1
Iex,514
iGfuSioN,322
Igniz,373
Iguro,804
igwi,2
ihatelio,669
ihateRiddles,5
Iiebe,643
IIII,32
ikeSho,7
Ikeu,130
ikigaii,1109
Ikr,667
Ikura,25
Ikz,9
Ilara,43
illegal,29
ILOVEANL367,12
ILOVEANL527,22
iLoveYouPat,8
Ilse,76
Ilyas,45
Ilysa,10
Ilyse,22
ilysm,46
iLysse,165
ilyy,158
IMARRR,44
ImCavsss,3
Imee,480
iMilky,1668
immy,7
IMNI,101
imnotar,11
iMornie,447
imp,62
Imstillhere,678
imysm,417
Inaksss,1
Incubi,160
ines,3
ing,601
inka,219
inni,33
Inno,2
inno,176
insight,153
instantgorg,9
Instantperry,22
INTEL,6
Introvert,356
InuAsha,13
Inue,148
Inuo,8
Inx,1
Iohannes,5
iorii,7
Iowkey,419
iPika,283
iPiko,58
IRA,1
irenelimm,69
IrenePH,1238
iRiE,28
Irisviele,5
IronBuddha,1
iroquois,26
iRuss,33
Isagani,16
Ischus,145
ise,3
iSha,16
ishh,2203
Ishowmeat,32
Ishung,31
IshyFishy19,247
Isidro,6
IskaPH,37
Isle,24
iSon,233
Ispageti,3
Isseh,816
issy,1134
itahdori,24
Itherael,18
Itoshii,64
itsHeize,1855
itsJAN,18
itsLOLA,4
itssashimi,1
ITZBOB,2
IU,40
Iucifer,115
Iuffy,15
Ivanaa,86
ivanjohn025,44
ivoh,771
ivria,427
Ixhii,5
Ixie,1
ixx,36
Iya,297
iyaa,471
Iychee,33
iynix,5
iyuu,250
Iyx,74
Izael,19
Izana,311
Izhaia,266
IZUMI,2
Izumiii,7
izyogurl,16
izzi,41
j0jiiiii,43
j3s,7
J4N1N,67
Ja,439
ja,1
Jaaam,79
Jaao,536
Jaason,895
Jaayn,7
JabbaWockeeZ,16
Jace,363
Jacie,38
Jack002,3
JackCOOL,1026
JackDaniel,22
JackieKulots,4
Jackpot,4
JackSparrow,8
JackyPH,237
Jacob,2
JaColero,300
jacu,149
Jada,35
Jade,2
jadelynn,69
Jadezxc,27
Jaehyukie,1578
JAEMIN,7
jaemin,5
Jaeun,13
Jaeunh,7
Jaeya,65
jaeyi,9
Jaeyo,75
jageun,79
jagia,1
Jahmeel,245
Jaid,483
jailey,18
Jaiyah,1066
Jaizel,633
Jajaaa,1
jakey,405
jaline,821
Jamae,1117
JamieJon,3234
jamm,63
JamponG,210
Janaa,226
janae,328
Janae,5
Janan,40
jances,50
jancis,666
jandreixx,2220
janea,11
Janeau,134
janeee,1811
Janeiia,1003
Janella,1
janellee,202
Janelly,34
janey,181
Janghan,1573
Janiee,23
JaninePH,3
Janmarc,606
Janmig10,1
Jannnnnna,48
janren,271
jans,4
Jansey,1482
januelle,729
Janus,10
janxton06,1
JANZ,8
janzer,230
jape,529
japsxxx,2
jar,251
Jarlo,17
Jarvis,100
JARVIS,38
Jarvs,11
jary,44
JASdoit,1
Jasfer,35
Jashea,8
Jashou,8
JasJas,21
jasmean,8
JASS,3
jassie,754
Jasson,256
jaszi,6
jav,109
Javes,133
javier,6019
jawn,43
jax,887
jaxon,4
Jaxxon,16
JaY,13
JaybeePH,38
Jayceee,7
Jaydenn,7
Jayea,557
Jayeo,340
jayla,3
jayle,8
JAYPEE,1
Jayr,3
jayree,58
JayVee,482
Jaywhy,254
Jayz,2
JayZ,11
JazreeI,8
jazykein,582
JAZZ07,71
JBC,289
Jbm,35
jby,59
Jck,102
JckDRpr24,8
Jcl,231
jcole99,3
jcr,225
jcx,984
Jcynn,803
jd,20
Jd,91
je,515
Je,54
Jeanger,39
jeansie,87
JeckoCancer,33
Jeco,28
JECO,1
Jecs,258
jed,163
JeeHoo,15
Jeess,88
Jeffrey01,1
Jeffry624,74
Jego,1
jeh,130
jehroen,40
Jehseuminoh,19
Jehu~,625
jeI,175
Jei88,2
Jeia,868
Jeiii,1137
Jeiku,12
Jeiyu,6
Jeje,6
jel,112
jela,747
jelai,23
Jeleoldeu,7367
JellyEgg,4
jem,415
jems,291
JENG,14
Jenie,314
Jenn,517
JennyPark,63
Jenson,15135
JentriX,13
jenzn,225
Jep,199
jepe,10
Jepp,289
Jepson,134
JERARD,358
Jero,162
Jerr,227
JERR,98
jerson,626
Jervy,7
Jes112,1
JesiPH,40
Jess,8
JessieR,190
jesslyn,11317
Jesther,480
JESZ,56
Jetaime_,131
jeu,1257
Jeul,18
jewe,2
Jewel,4
JewelPH,4
Jewker,193
Jewls,337
JexAmari24,119
jeya,18
jeyc,157
jeyd,139
Jeyeys,1
Jeyk,173
JeyKey,235
Jeyms,13
Jeyn,54
Jeypii~,320
JEZ,219
JFox,178
JFRITZ,14
JG,1309
JH,239
Jhaaay,1
jhAnnejh,3
jhas,196
JhayEmPH,581
JhayKhayCee,7
Jhayle,1223
Jhays,172
Jhayui,45
Jhayze,13
jhei,11
Jhena,20
Jheo,29
Jhile,31
jhn,185
JhonnyFran,38
Jhumm,5
Ji,130
Jiaer,188
Jiahan,6
jiak,91
jialat,39
JiaYi,1
jibri,113
Jibsu,14
Jich,462
Jidz,525
jidz,608
jie,563
Jieh,4
JierPH,66
JieunMargaux,350
JiEunn,1
jiggle,305
jiggly,4909
Jigglyjess,14782
Jiggzz,295
jihn,578
JiII,28
Jiii,103
Jiiin_,10
Jiin,429
Jiiro,4
Jiiwu,504
jiji,63
JiK,2
JIKJIIK,7
Jiko,13
jill,65
JIMBEAM,526
jiminn,2
jimm,404
jimtastic,261
jin,4
Jinah,48
Jinana,34
Jinni,4
Jinpachi,134
JinPH,293
Jinrii~,4
JinRoux,10
jintan,119
Jintar,10
Jinwo,18
JinYook,72
JinYuu,64
jinzel,222
Jinzu,457
Jiraya,3
Jireh,2
jiren,26
Jirikuu,1
jiro,49
JiroGabby,10
Jiroo,4
jisi,662
JiSo,193
Jiuu,79
jixi,60
Jiyan,713
Jizelda,49
JjBot,34
Jk~,34
Jker,1
jl,388
Jlkt,5
JLo,823
Jmac,2
jmr,6288
jms,11
jny,6454
jnzen,170
jo,246
Jo,329
Jo~,19
Joelllll,6
joevy,496
JOHANA,20
JohnClarence,24
johnsmith,20
joie,19
jojorilyn,5
JokesOnYou,33
Jollipop,3
jon,183
Jona,630
JonBovi,139
Joncel12,34
Jonie,404
Joo,4
joohyun,831
Jop,6
jorge,17
Jorji,143
Jortz,1
Josei,22
JOSEPH,9
JOSH__,9
joshzsie,624
Josiah,468
Journey,4
JOVAYSHA,36
joviiii,19
Jovonovich,8
Joyce,17
Joycee,2
Joyceganda,170
JPoKs,65
JPuck,9
Jpup,506
jqyx,25
Jrem,18
jrk,211
JROD,49
Jryl,133
Jseeeph,2
jsim046,67
jsm,165
json,969
json1,1
JssCmpsn,155
JSZX,16744
JuanDagitab,22
jube,18
Judi,394
Judson,828
jue,988
Jughead,246
juhn,510
juice,6
Juicy,68
Juju,21
Jujums,33
juksy,70
Jul,18
jules,327
Julius_,378
Julss,5
July171220,5
JumboHakdog,14
jumboraf,5
Jumooong,173
juna,77
Junghee,547
JungJaeChan,8
jungkookie,39
jungpal,2
jungwonpogi,69
JUNHAN,357
Junhuii,53
Junhwi,275
JunioBebot,183
Junkii,8
Junkyu,7
junta,5
Jurou,5411
Jush,9
Justcatalina,40
JustEnkii,607
Justice,748
Justitia,46
Justme,21
justn,10
Juu,171
Juuuxa,1
Juuuxi,125
juuzou,303
juwon,15
JV,297
jv,184
Jvee,4
Jwan,8
Jwh,120
JX,22
Jxce,1
jxrami,182
jxx,369
jxye,26
jxyy,366
jya,637
jye,778
JYN,50
jyo,180
Jypee,6
Jyrill,29
Jyv,556
jyz,105
jzm,3
Jzze,1
k3zia,65
k4te,25
KA,941
kaat,39
KaChing,3
Kacie,25
Kadee,20748
kaden,25
KadoyaTskasa,2
Kady,989
KAEDE,18
Kaee,10151
kaei,43
Kaein,116
Kaelen,212
Kaelie,143
KaellPH,310
kaelra,103
kaen,79
Kaeos,839
Kaeruchi,1269
Kaery,8
Kaeya,6
kaeye,966
Kaezia,3
Kaffe,227
kafi,67
kage,213
Kagenou,1
kageyama,9
kahitano,936
kahitsan,858
Kahu,37
Kaiarella,28
Kaid,161
Kaie,51
kaien,1130
kaigaku,21
KaiiPanda,67
Kaiiyo,4
KaiKawaii,47
Kailen,616
Kailie,666
KainPuday,41
kaira,26
kaire,74
kairo,4
kairoz,2
Kairuchi,630
kaisen,12
kaisha,539
Kaizee,18
Kaizel,24
kaizen,12
kaizerr,106
Kajiro,167
Kakay,14
kakei,6
Kakeru,4259
Kalea,251
Kaleo,235
Kallisti,10
KALOOOY,292
KaloriePH,345
kalyx,3
kami,8
Kamiizumi7,10
Kamish,442
kana,13
kaname,1630
Kanaria,1
Kanashiro,52
Kanee,66
kang,172
KangHooyeong,1
kangjuji,248
Kaniki,13
kanroji,209
Kaoloo,220
Kaorii,249
Kaoruko,1441
kaoya,30
KAPITANTUHOG,1
kapot,10
KAPPE,354
kaprikorn,11
Karaaa,489
KAREV,19
karI,323
Karidel,14
Karie,11
Karielle,28
karifurawa,38
Kariii,19
Karim,12
karimainee,5
KarlaBabe,52
KARLITO,351
Karou,1
Karrl,544
Karter,1
KartoN,570
karug,24
KaruYama,11
Kashino,6
Kashmir,326
KashmirYap,3
Kasssy,621
Kasumi~,5455
Kat~,13
Kateren,7
Katerina,601
katherrificc,3
katok,4
Katrish,270
KatyaSantos,56
katzio,15
KaTzU,177
katzumi,96
Kawen,30
kaya,145
Kayden,5342
kayedotcom,41
Kayen,13
Kayesang,12
kayi,18
KAYKAT,15
Kaylie,2
Kayne,7
kayson,57
Kayumanggi,3
Kayyy,220
KayZholic,625
Kaz,372
kazaf,437
kazama,60
kaze,241
Kazimir,48
kazuki,19
Kazuki~,512
Kazuko~,3
KazumiHikari,395
Kazuya404,8
Kbeat17,7
KbOaRDWaRioR,4
Kc,145
kcali,1
kddn,212
KE,6
Kea~,1546
KEAN,92
Keana,66
Keanu,10
Keeenn,20553
Keeiii,113
Keel,10830
keena,140
Keenilaw,25
keep,322
keer,14
Keet,5
Keeya,107
keeyuu,6
Keffy,1
kegui,176
keichiixoxo,154
Keii~,13
Keiiiii,15
keikei,12
KeikoSora,176
Keil,213
Keimi,1
Kein,37
Keinz,3
Keios,1766
Keische,127
Keischia,85
keishi,549
Keisnow,25
Keisoku,898
KEITH,10
Keizer,29
Keizth,6
Keji,2
Kelby,268
Kelin,47
Kellie,48
Kelra,24
kelv,1
Kelzy,531
kemi,8
Ken~,14
KendalI,60
KENDALL,87
KeNeki,28
Kengkoi,5
Kengkoy,5
kenjie,259
Kenjii,568
KENN25,63
Kennedy,543
Kenntot,78
Kenpachi,80
Kenruchi,1294
KENT,2
Kent0tz,1
kentaro,124
Kentoys,35
Kentucky,473
KENxYEN,35
Kenzei,324
Kenzie,297
kept,214
Keqing,1
ker,362
Kerjo,87
Kero,57
Kerubiel,18
Kessi,174
kets,816
Keun,147
Kev,458
Kevinismus,36
kewu,32
kexi,109
Keyaa,716
Keyan,490
Keybs,50
keyi,144
Keyon,279
Keyoo,1030
kezhen,402
KF,460
kh,386
Khaayy,17
khadstar,3
Khairy,6550
Khalbee,23
KhalebPH,39
KhaNeKi,313
Khappie,69
kharlo,19
Kheeey,880
khei,12
Khelz,7
Khendrix,7
Khenn,14
Kheo,161
Khiefer,245
Khino,14
khley,240
Khwan,37
khxv,3
Khydy,95
Khymaru,12
khyzl,12
KI~,41
KiaraKira,91
KIaud,14
KiaVon,270
kibbs,139
kibor,370
Kibsu,4
Kich,19
kickz,11
kiddo,37
Kiddosaur,94
kIee,640
Kiefe,1
KieL,14
Kierra,78
Kierro,387
Kiers,18444
kierwin,850
Kierx,2712
Kieryn,270
Kierz,7293
Kieta,314
Kieth,25
KiffyMarie~,1390
Kigi,176
Kiho,125
Kiiiyo,17
KIIMII,232
kijo,55
Kikay,171
KIKI,6
Kikky,24
KikuHonda,325
kikyo,74
Killah,24
killua,4
KIMBAP,422
Kimberley,17
Kimbert,43
Kimchi,5
Kimeniah21,4
KimiBear,12
kimjamsu,16
kimmm,6
Kinain,90
KiNG,163
KingKD,24
KingKing,8
KingSadam,5
Kingxxx,631
kinit,8
Kinnn,597
Kinqstxn,59
Kintana,242
KipotPepe,8
Kipoy,348
Kipp,69
Kiraa,429
Kirai,24
Kiran,61
Kirasaur,29
Kireii,2
kiren,29
kirix,220
Kirkis,13
kiroo,743
Kiros,23
kirsha,187
Kislap,54
kisrch,22
KissieTibay,702
KissMino,4
Kit~,146
KitPH,9
kitsch,29
Kitsui,45
kittie,46
Kitting,5
KittyPei,20
KittyZaira,2
Kivs,37
Kiyotaka,148
Kiyux,22
KJ,848
KJH,79
KK,282
Kkaebsong,93
kkeonwa,66
Kkkillua,3
Kkkkilua,1
klae,625
Klang,27
KlangKlang,180
KLARA,616
KLaus,3
Klaxon,37
KlayAnthony,18
klei,66
kleigh,55
KleinChan,20
kleine,214
Kleinkaizen,4
Kleiruchi,547
klev,786
Kline,199
KlM,51
Kloe,111
KLONOA,34
klra,18
KlT,1868
Klynn,903
Klyth,13
Kmae,56
kmi,35
KMRI,201
Kn,110
Knaves,37
kneecold,390
knet,174
Knikki,12
knipschiIdt,275
knipschildt,241
knit,1
Knoa,931
Knoe,772
Knov,276
Knsh,47
knt,129
knth,119
Kny,430
KobeBryant,1
KOBEKYLE,19
Kobeyd,62
kocchi,33
Kode,194
Koey,2
Kohi,109
koi,14270
koishikute,161
KojieeSan,16
kokakiii,25
Kokomi,307
kokoy,55
kokushibo,6
Kolia,146
kolleen,59
kolomee,3
kome,3
Konbu,165
Kone,933
kong,108
Koniks,144
konmi,282
koo,22
Kookie,92
kopeekeyk,501
koppi,2
KOPPI,6
Kordax,395
Koril,26
Kort,43
Kosaki,2
Kotoha,880
KOUCHI,60
Koudo,176
Kousei,48
kouuu,227
Kov,905
Kovi,281
kowi,1005
Kowl,275
KOzi,22
KRAD,41
kraig,9
Kraisis,9986
kramol,327
krazpon,13
Krazz,23
Kreegyr,593
kreema,594
kreemo,142
kreuther,266
Kreyon,644
Kri,21
Krimm,31
Krio,602
Kristeeen,561
Kristoffe,24
Kristopher,536
KrlynRsts,67
Krobus,51
Kroobs,3
Kropek,96
krschn,260
Kryoxx,23
Kryp,947
Krypton,12
kryspy,1840
Kst,9743
Kthvn,65
kucchi,10
kuda,151
kudasai,38
Kudos,19
Kugatsu,17
Kuhn,713
Kuirei,31
Kuirou,40
KUKUBIRD,677
kukubirdking,4
Kulay,208
Kumakantot,11
KumaKun~,2
Kuo,35
Kurdapyo,19
kurenai,28
Kuro~,221
Kuro01,1
Kuroijaku,120
kuromi97253,350
KuronekoChan,187
Kuronumaa,33
Kuroruchi,99
Kurosin,22
Kurtis,13
Kurtyyy,241
Kushy,93
Kutchee,918
kutsara,172
kuurt,2071
KuyaBern,145
kuza,940
kuze,3
KvnFeliciano,3
KWANG,115
KWATROKANTOS,70
Kwina,1
kwini,33
Kwn,42
kwn,566
kwon,83
Kxy,175
ky,192
Ky~,314
Kyaaaah,5
kyabetsu,12
KyahShin,13
Kyand,478
Kyanj,11307
Kyannj,10778
Kyarj,90
Kyaro,143
Kybri,57
kydae,7
Kydan,82
Kydre,10
kyea,273
Kyen,23
Kyeri,2419
Kyffie,35
Kyh,637
Kyia,19
Kyjl,1
kyleee,1
kylen,6
Kylerr,1004
kyliebby,187
Kylio,37
kylis,5
Kyloo,26
Kym,12625
KYM,5
Kynch,720
Kynkie,104
kyno,28
Kyntz,497
kyo,176
Kyocchi,62
Kyoei,1098
Kyoji,24
Kyong,23
Kyonie,22
Kyoovi,275
Kyorii,1221
Kyoru,51
Kyoshiiro,28
Kyouhl,136
Kyoura,2
Kyran,10
kyrene,279
Kyric,164
kyrie,7
Kyrie12,30
KyrooPH,59
Kyros,1011
Kysha,196
Kyushu,4090
Kyuti,10
KyyyPH,4
kYzEr,2
Kyzer,21
Kz,330
kz,289
kzxc,411
L~,14
L0ckHeart,253
La,37
LA,66
lab,340
Labadidoo,21
Labruha,7
Labubu1023,53
LabuyoPH,64
Ladiaa,4
LAdyGaga,43
Lagertha,41
lagger,69
lai,209
Laii,304
Laina,71
lainey,11
Laisha,10
LaLaKe,2
LalakeAko,48
Lalisa21,9
lalisaa,5
Lalmirch,52
Laluna,1399
LAMBANOG,477
LAMBO,27
Lamee,8
lamentrose,13
Lami,19
LamPinMin,18
lancau,142
LanceNiKaren,14
langit,115
Lanian,3
Lanmeia,36
LantisSenpai,293
LAONIU,2
Laosvu,116
lapuk,161
lar,243
Larielle,603
Larkin,236
Larra,12
Larry,49
Larsen,832
Las,1
Lash,31
Lat,3
latias,3584
latios,3800
Latricia,392
LauDakWah,7
LauL,50
Laureen,643
Laurencio,10
laurent,293
LauriceGab,1
LAURYN,86
Lavinir,28
Laxton,27
Laxx,37
layne,34
Lazada,1
LaziHeart,2
Lazybones,993
LazyHeart,8
lBELLAl,32
lBILLYl,37
lBlNyan2x,16
lc,1846
lCHINITAl,186
lCHINITOl,99
Le0nHeart,120
Lea,1
Leader,936
Leahmadrigal,4
Leandree,529
Leandros,444
Leandry,17
Leann,260
leashy97,2
Leaxes,4719
lebroy,10
LechaR,7
Lectorrr,314
lee02,1
leechwe,10
Leei,186
LeeJahin,2
Leenz,96
leige,637
Leigha,1084
Lein,224
Leio,149
Leiv,20
Leixia,1
LELENG,27
Lemi,48
Lemices,143
lemonhope,26
lemonpiggy,193
Lenhardt,22
Lennon,223
Lenny,107
Lenoj,134
Lenonn,66
Lenpikzx,19
Leoj,25
leon,586
Leona,701
Leonie,11
Leria929,12
Lerkin,3
Leryne,14
Les,1
Lesbian,4
Lessuhh,9
Letia,27
Leur,64
levenstein,11
levi,15
Levi0315,16
Leviiiiii,3
levina,125
LeviStar,329
LeviYG,15
Lew,3
Lewiss,50
Lexa,2
Lexicius,20
lexie,19
lexiel,125
Lexiie,203
lexilove,467
lexiz,637
lexuz,372
lexy,26
leybin,56
leymariano24,92
Leyn,25
lgris,93
Lhars,259
Lhawliet,80
lHazey,525
Lhene,332
Lhenssy,12
LHIEEEEE,161
lhy,333
Lhyky,623
Lhyne019,6
liadesuuu,3
Lian,6
Liana,417
liao,39
Libb,9
Libbyu,1
LiBRA,83
Librau,1158
Liebgott,64
liebie,108
liege,366
ligeia,24
Ligeia,11
LightDemon,10301
lihuihan,8
Liiii,638
liIith,82
LiiReo,22
Likeey,526
lilacflor,74
Lilia,22
liliann,92
Lilith21,5
LilithPH,435
Lilxee,12
Lilychan,4
Limau,210
Lin,15
lina888,255
Lineage,27
Linne,15
Linnea,10
Linpachi,6
Liora,13
Lipsyatch,5
Liqht,25
Lise,120
Lisianthus,107
Litten,32
Livi,11
livia,25
Livio,5
Lizi,14
lj,265
ljay,148
Ljgdmtn,4
Ljhay,89
ljw,1064
Ljynn,836
lKOREANAl,96
lKOREANOl,90
Lkrt,795
ll_Kaori_ll,3
ll_Kaoru_ll,2
lleia,714
llHaze,108
llKingll,126
lllGoldenlll,3
llNeil,15
LLYNN,24
LN,52
Lns,24
Lo,132
Locke,1
Loej,30
loeve,33
loewe,16998
Loey,1468
loeyy,3
LoidForger,81
loie,55
Loiira,10
LoisaV,847
Lokii,2
lolleli,240
Loly,127
lomi,14
lone,4
LongS,530
Lons,269
LordChris,4
Lorestan,1
Lori,237
lorien,5
Loriyaaaaa,32
Lorn,34
LostCity,3
LostIsland,78
LostParadise,3
Lot,50
LOTI,319
Lottie,13
louisa,15021
louise1330,1
Louisiana,3
Love~,299
LOVEBIRDS,2
LoveKeii,81
LovelyBoii,524
LovelyGirl,523
Lovemarie,6
lovesickgirl,758
Loveta,157
lovien,8
loysa,435
lozi,27990
lPlFrexx,5
LQ,166
LSD,1
Lu,74
Luai,93
Luca,27
Lucent,4
Luceria,247
Lucerio,341
Luci,1526
Luciaaa,14
LuciferPH,395
LuckyKyo,55
LuckySil,6
LuckySu,4002
Lucu~,18
luffy1993,40
Lufiee,127
Lugge,40
lugner,76
Luh,102
luhan,70
Lukarioh,13
Lukaxx,637
luke,7
LukeS,73
lukey,26
LULU,27991
lum13r3,28
lumiere,43
LumineChan,21
Lumpianada,7
Luna,530
LUNA_,1
Lunang,56
Lunatic,271
Lunee,1085
lupey,47
luse,13
luther,4528
Luthien,172
LuuLuu,1
Luuna,22
luviclae,100
luvynn,63
Lux,24
Luxen,3
Luxette,29
luxxed,188
lv,1323
Lvcy,176
lve,820
lvvisha,17
lwx,9
Lx,14
Lxn,17
Ly,983
ly,273
lya,350
Lycx,91
Lyianna25,2
lym,177
Lymmie,34
Lyn~,48
LYNDOL,69
Lynelle,93
Lynniette,513
Lynxise,7
Lynziee,517
Lyonna,8
lyre,11
Lysa,623
Lysandre,2
LYX,188
Lyy,28
lyyyy,73
Lz,252
Lzle,10
lzr,2
m0rgiana,72
Maamoy,54
Maars,119
mabi,468
Maby,236
Macar00nMx,11
Macaroons,4
MacchiatoPH,55
Maceda,790
machete,1
MacheteMoves,328
maci,95
Mackk,1
macky,31
MacPH,626
Macrosoft,23
MadamBaby,5
madamebaby,75
Madashnn,190
Maddison,5460
maddy,25
Madei,11
Madiison,4
MaDior,3
MadMuffin,3
Madre,561
MaE,137
Mae7,61
MaeCee,148
MaeCeeBae,2
Maelalabs,274
Maely,2
Maewpao,37
Magic,682
magicgulay,4
MAGM,528
Magnet,5
Magy,352
MAGZ029,90
Mahapdi,51
Maharani,79
MahiIig,1227
Mahilig,1054
Mahiru,11
MAI,3
MAICA,5974
Maicabels,1687
MAICO,5182
maIiah,10
MaIlow,60
Mainet,57
Mainit,55
Mainyu,24
maio,5992
Maishu,45
Maiven,481
majic,97
MaK,4
MaKa,18
Maka~,7
Makapal,11
Makeedo,294
MAKGEOLLI,8
Maki16,397
Makibaooo,27
Makima,28
Makimah,151
Makirot,19
Makisig,86
Makorim,123
makuu,262
malaya,1
malayo,71
Malendrous,1
maliah,302
Malibu,20
Maligaya,3
malik,9
malina,7
MaLing,6
MallowPH,350
Mallows,148
maloii,48
Malsy,1
mama,11
MamaEncio,84
Mamasang,1
Mamasangg,1
Mamataykana,2
Mamon~,434
mana,758
Manananggal,401
Manawari~,125
ManaYuan,4
Mandigo,4270
mandoolus,3
mandooo,9
Mandukie,13
Mang,1
Manget,62
manipulator,587
Mann,706
Manoi,2
MANOLET~,11
Manse,302
Mantra,6
manuscript,38
Manzo,10
Maomao,405
maow,138
Mapee,103
MAPUTINGPUTO,51
mara424,86
Maraya,120
Marc~,21
Marcela,11247
Marceline000,12
Marco06,18
Marcus06,42
Marcy26,22
Mare,55
marea,712
MARGARITA,206
mariah,1538
MariaKrisha,276
Maricarr,77
Marieeee,509
marikit13,846
MarilagPH,129
Marimar,12
MarisRacal,5
marites,56
Mariz,15
marj0420,34
MarkArceno,85
Markkkkk,7
Markky,8
MarkT,235
Markus~,830
Marky,6307
MarlboroRed,290
Marley021,1
Marochi,33
MAROON,12531
Marquesitaa,29
marri,839
marrone,266
Marshmalou,14
MarshPH,177
marsmacaroni,39
Marth,279
Martha,76
Marthadel,34
MArtini,100
MARTINI,229
Martots,20
MaruChan24,1
Marv,29
Marvie,3
Marviin,421
marvv,72
Maryy,24
MarzTime23,22
Masakit,132
masayo,5
maselan123,3
Masque,73
Masquerade,4
Masterbaiter,1
Matasandor,359
match,64
matchaa,9
Mate,142
matin,53
Matsiriya,60
Matte,504
Matte~,146
matteo,4275
matthias,41
Mauming,494
MauNnex,24
MAVAM,822
Maveree,13
Maverette,13
maverick,121
MAVEY,4
maw,22
mawdeqiu,942
MaxangelsPH,1
MAXGM,14
Maxibruce,380
Maxiee,3
Maxieee,33
Maximillien,30
Maximum,10
maximus,10
Maxpein,182
MaxpeiN,1
MaxSai,3
Maxwell,1
maya,7
Mayc,56
Maychelle,11
Mayk,2
Maynila,89
mayo,464
MayoAdek,474
MAYORA,67
Mayths,6
mazzi,9
Mbit,500
Mc,500
Mcay,123
Mccoy,2088
McCOY,791
mcdae,48
Mcdoo,3
MCganda,132
mck,234
McKenzei,362
Mckenzie,237
McKlein,1063
Me,12
Meaa,36
Meanthings,61
meawkhorbye,1
Medii,30
mediumRare,14
medussa,580
meek,59
meero,497
MEETAIBAK,30
MegaGengar,5
Megan,143
Megara,3
MEH,14
MeI,239
meia,337
Meidena,39
Meiiko,10
Meija,759
Meiju,794
meir,90
Meiru,8850
MejoBastos,36
mEl,271
Melania,447
Meliodas,8
MelIow,25
mellocats,35
Melly,25
melody,8
Meloi,498
melomys,8515
Melrev,8
melvyn,21805
menace,373
mendi,22
mendoukusai,117
Mengzxc,1
menstruation,2
Menudo,1946
Meowmeow,1
Meownaii,44
Meowstic~,3718
meowtcha,340
Meowtzu,65
meowy,11
Meowyy,667
Merakle,7262
Mercify,475
merkwa,8
Mero,32
Merryyy,3
meruem,39
mervs,770
MERY,168
Meshi,1233
Meshiko,1
Meshuko,1
meul,354
MeWe,248
Mewii,10
MewSuppasit,24
meya,656
Meybi,1
Meyo,740
meyo,902
meyrith,1
Mge,306
Mhaaai,14
MhissTanya03,297
Mhiy08,46
Mi,488
Miakoo,3
miau,11
MicaMoo,838
mich,56
Michigan14,6
Michsxz,285
Mickey,10
Micxz,6505
midz,1136
mier,15
Mieruchi,167
MIGGS,23
Miggyzxs,19
Mighthalzen,137
migoy,520
mihao,737
MihoChan,406
Mihyun,2
miiilo,5
Miimii,3
Miiru,51
Miissstyyy~,222
miiyu,14
Mikaaay,10
Mikaayyy,674
mikachuuu,7
Mikamik,3
Mikawa,108
mikay,53
MiKe,49
Mikee,368
Mikee025,10
Mikeey,34
Mikelle,4
mikey,479
Mikia,21
MIKKO,37
mikko,126
MIKl,58
Mikuo,4
Milan,118
Milbrey,332
mileena035,709
Miles,200
Milesmello,8
MiLkTeA,59
MilkyBun,82
millerist,4
millhiore,1599
Millia,67
millie,42
Millie~,68
milokrazydog,652
mimapagmahal,27
Mimee,2
Mimeeee,11
Mimi~,1309
mimie,52
Mimieong,11
Mimill,103
Mimireo,33
Mimiyo,1
Mimsy,61
mina,40
MinatoPH,425
Mindi,28
mindyyy,23
MinePH,137
Minger,232
mingtri,8
Minhyun,1
minjii,2
Minju,57
MinkMononoy,117
MINNIE,14
MINNNNNEX3,4614
MINNNNNX3,975
Mino,32
Minxi,1129
Miou,140
Mira,27
mira,57
Mirabella,1
MirielPH,94
Mirii,1917
Mirren,169
mirthful,649
misakawa19,15
Misamis,6
misery69,285
Misha~,351
Mishiko,56
MissCheng,46
MissingTooth,503
MissL,70
MissWinter1,53
MisterPopo,3
MisterSweety,1062
Misya,112
Miszy,83
Mitch,7
Mitena,18543
Mithi,5
Mitoy,3
Mitoya,91
Mitsubara,1
Mitty,148
miu,8
Miwu,554
mix,244
Mixdown,1
Mixue,11513
mixue,75
Miya,8
Miyama,1083
Miyaw,1037
miyo,16
Miyoru,24
MiyuQt,9
Mizukiiiii,581
Mizuu,8
Mjayyy,63
MJules,32
mjx,27
MKR,543
Mlk,7
MlKE,384
mlxe,5
Mm,247
mmplma,169
Mneme,19
Mneminertia,164
Mng,1824
mobi,2924
moby,13
moch,97
Mochi~,263
MochiBomb,165
Mochiekoh,22
mochiiiii,9
MochiManchi,88
ModHyunette,4
ModJuno,16
moe,142
Moeruchi,439
MoguMogu,29
Mohan,7
moi,3554
MoIly,800
moira,86
Moises,22
MOJITO,193
Moka,8
mokki,76
moko,30
Mokoko,24
MoksXIV,50
mokuren,14
Mola,25
Molasbear,339
Moli,48
MoLiE,37
MollyVoguee,2
MommySiopao,704
momo,39
Momon,16
Mona17,329
Monami,20
Monay~,237
Moncoeur,19877
MOND,191
Monetize,7
monia,165
monio,917
monsi,181
mood,7
Moody,105
moonBeam,44
MoonLeaf,100
MoonPH,810
Moonstone,50
Morena,477
mori,1
Morii,14
Morosia,19
MorrisPH,842
MOSH,439
MOSHI,1
Moshie,106
Motmot,31
mow,4
MozPH,17
MrAxon,3
MRB,1140
mrBarney,106
Mrck,6
Mrco,567
Mree,144
MrIvander16,24
Mrk,822
mrk,39
Mrkkk,71
Mrky,73
MrRight,434
mrrk,9
Mrsuave,26
Mrtehbing,2
MRV,919
MrWrong,58
mrz,10
msHamsterr,15
MsJill,13
MsJo,24
msm,7
Mstehbing,139
mszyra,11
mttm,2
muachee,1
Mucca,111
MuffinTim3,513
Muffy,564
mugi,104
mugssy,1418
Munak,4
Munanginamo,170
munchlax,144
Muning,569
Munsoo,20
Murielle,7
Murphine,9
muse,461
MUSH,536
mushpotato,12
mustard,83
muted,171
Mutsumi,325
Muzzy,46
mxne,18
Mxrcus,2
Mxrk,12
Mxro,37
mxx,648
My,6
MY,323
Myeiash,13
myel,104
Myeowi,280
Mykee,25
myo,344
Myondan,5
MyOnlyTooth,681
Myrna,119
MYSELF,154
mystics,63
Mystryl,12
Mythiorel,17
myu,50
Myun,268
Myungjae,8221
Myurin,5
Myuu,238
Myuuji,39
Mywt,527
myy,300
MyyXD,19
mz,608
MZK,17
N1NJ4,27
n3nd0,21
n4te,27
na,96
naanamoto,14
nabi,14
nacht,317
nadz,120
naeforever,3
Naeru,62
Naeun,990
NaEunJi,33
nagie,657
nagii,27
Nagini,75
Nagoya,101
nahnah1996,8
nahochu,2
NahYeah,18
NAIAX,7
naichaaa,2
Naii,26
Nailah,405
Nakiya,6342
Nalo,14
NamChin,21
nameless,13
Namfon,9
namie25,219
NamiiSwaan,514
Namjaa,170
Nammm,1
nams,191
nanahana,6
Nanahana,4
NanamiPH,1
Nanase,342
Nance,37
NandiaCOOL,860
naneninonu,35
nanno,83
Nanosu,46
Naoe,589
Naomi3,3
Naos,7
Nappa,4
NARAA,1
Narae,161
narcissist,109
Nashi,27
Nashia,88
nashtrix,11
nastyghurl,165
naughtea,7210
Nav,8
Navin,3
NAYSEE,736
Naze,337
NBA,173
Nck,3
ne,2
neang,110
Nebubu,47
Nectar,2
nectarine,129
neeCo,20
Neemo,2
NeferPitou,212
neg,6
negi,515
Negrata,7
nehs,531
Neilmari,81
Nekomiya~,604
nella,191
nelle,2
NELTICITY,3
Nelvin,28
nendo,21
NeoChimon,10
Neophyte,101
Nep,8
Nephtalie,6
nerdy,6
Nerdz,3
Neriah,226
nero,15
Nerys,3
Nescafe,67
Netneji,15
Nette~,101
Neva,108
nevi,769
Nevo,3
new,5
NewDancer25,13
newt,3
Ney,11
Neyra,10
nezu,27
Nezuki,5
Nezuko04,2
ngw,20
nh3,1
Nhadsz,19
Nhela,382
nhiks14,65
NHL,36
Nial,147
Niall,231
Niapa,10
Nic,8764
Nicholson,202
NickPH,4
Nicks01,328
Nicola,20
Nicole,5
nicolelelele,2
nicoo,264
Nics827,40
Nicu,3
Nicx,241
Niev,48
Nigel,6
Niger,249
Niggah,103
night~,278
nightcrow,70
NightDemon,10351
Nightfall~,68
nihao,270
Nihc,1
Nike,10
nikh,39
NIKI,535
nikita,44
Nikkaposh,3
nikkijames,126
Nikkipotpot,250
Nikol,846
Nikoool,21
nikx,232
nil,11
nilah,25
Niman,24
nimbo,612
nin,417
nincha,20
Nini,105
nininana,117
Niniwaa,12
ninjapig,4
ninodrdns,5
Niqquegray,46
Nirya,136
Nische,1
nisha,409
Nitro,20
Nitsuga,301
nive,516
nivreFANS,85
njae,8
njay,35
njei,67
nk,1
nko,344
Nks,235
NLEX,2
Nlkko,594
Nm,61
nmnm,172
no,155
nO,9990
no1,157
noa,6
nobru,92
Nobu,3
nobu,11
Noctavia,203
Noell,5
Noemi,546
Noeru,46
Nognog,20
Noirr,1
Noj,18
nokip,194
nolyn,248
NOm,3
nom,46
NomNom,209
nomu,339
NONAGON,11
NoobieDoo,232
noodles,331
nooway,1774
Norenz,825
Norielle,278
Noriko,754
NoriRenz,14
Norj04,37
Noshaji,48
Noticz,3
notkroks,29
Notme,16
Notorious,800
nottrayton,17
Notyou,14
nova,63
noway,1950
noxen,1006
Noze,558
Nozze,217
nozzy,210
Nozzy,113
NPC,7
NPCxLarry,3107
Nr,8
Nraa,444
Nrlyn,270
nrnkyl,12
Nroo,526
nswz,3979
nsyw,3338
NT,101
nu,428
Nubla,55
num,35
Numy~,4
Nus,114
Nvx,66
nwy,9
Nxde,58
Nxil,45
Nxl,27
NXT,8
Nyan,91
Nyhl,21
nyinsk,16
Nyks,122
Nylanoj,1
Nylz,62
Nynaeve,1307
nyne,97
Nyte,12
Nytes,24
Nywt,856
Nyxis,1
nyxth,237
Nyxu,108
o0eve0o,101
o0naejra0o,108
o10,1325
O1O,1
O3O,19
o7,58
Obelisk,118
Obnoxious,29
obscur,123
Octo,121
october,11
oden,48
odette,14
Odywow,30
oe,14
oen,22
ofmkbang,16
ohayo,6
OHB,67
oho,28
ohohrigow,35
ohreally,8488
oi,40
oia,319
Oink,11
oishirin,1
ok4ychi,368
OKAY,51
Oki,170
oki,10
Okinawa,9
okiyot,119
oku,24
okus,44
Old,408
Ole,35
oLEO22o,35
Oleya,669
Oli,40
Olumelly,36
OLVBella,2
ombzz,623
Omen,173
Omg,112
Omi,9
Ommee,4
Omnivert,6
Ona,383
Onagawa,13
ONCE,17
Onee,64
Onew,30
oni,18
onigiri,751
Onigirii,176
Oniichan,193
onionrings,38
Onisaur,69
OnizuKa,2
Ono,116
OO,24
Oonah,5
oOoMYNoOo,14
Oopsy,173
oos,299
Ophanim,261
opmat,242
Opo,359
OppaMiko,35
ops,1378
OPS,1378
Orc,3
orenji,121
Oreo06,21
Orfina,4
Orion15,21
Oris,133
orvs,23
Ose,731
oser17,2
Osh0123,46
Osou,962
Oswin,22
otitdancer,61
Otoha,16
ouh,172
OuiePH,313
OutCast,1
OutCastPH,1
Owaa,97
Owllex,55
Owns,254
owo32834,20
Owshee,341
Oxva,4
Oxy,17
oyasumi,23
oyceeebells,5
Oyn,11487
OyWw,427
oze,450
Ozeia,244
ozi,947
Ozzy,1
Paars,55
PabloEscobar,5
Pacchi,383
pachinko,255
Pacifica,7
Padre,573
pael,70
Page,3
Paige,12
Painless,17
pak,3
pakekoba,16
pakekorin,257
pakemoba,203
pakemodin,195
pakemorin,753
Pakyow,2
Palabok,27
PalePilsen,1234
Palmolive,1
pami,52
Pamiya,868
Pammi,437
Pamsxz,3468
pancakee,63
PancitPapi,7
Panda~,9
Panday,24
Pandesaaal,3
pangseh,6
pangzii,6
Pansy,1
PAP,6
PapaJoker,1
PapaJutz,2
PaPaY,309
PapeRDoLL,9
Paperjham,9
Papii,1
papoy,26
pappii,20
Papu,37
Pards1014,254
Parissh,6
ParkHan,1514
ParkShinHi,113
Parthenia,355
parzival,187
Pass,24
passion,56
PassionFruit,15
PataTatz,1
path,7
Patira,73
patron,76
Patsk,376
Pattaya,278
Pattey,710
PattyCOOL,763
pauii,44
paulita,11
PauPau,22
pause,8
PAUUU,11
pavlo,612
Pawlsy,646
Paxon,20
paye,142
Payn,64
pb,189
Pchaan,26
Peachie,159
Peachu,6
Pearl_,9
Pearl~,61
Pearl21,14
peeeeff,6
peigh,364
Pein,29
Peini,311
Peizhi,78
peko,2899
PeLsss,28
Pelzberg,508
pendeja,275
pendejo,123
Pengshu,3
pentagon,887
Peonie,723
Pepe,6460
pepebuff,23
pepehi,34
PepeOJuliama,5
pepepanties,96
PEPITO,130
pepperment,4
peps,12
Peps,230
Pepsi~,341
Perfect,4
perfectSOez,4
perrie,641
persephone,16
persimmon,143
Perth,8
pervert,79
Perwisyo,104
Pesticlesss,1
Peterpan,8
Pewee,1
pewpie,15
PGNevaeh,20
pgone,2
Pgy,95
Phaedra,214
Pharaoh,9
pharsa,50
Phat,22
Phaw025,7
PHER,3
phia,8
PhiaraaPH,542
Philae,8
phinks,24
Phrixus,74
phtest26,4
Phum,199
phw,1514
PHY,191
Phyliciaaa,3
piak,129
Piattos~,82
Picasso,160
Picca,2
Piccu,100
Piecewise,2664
PiELLCSMN,35
PIERCE,33
pierro,827
pii,106
PIINGx3,845
pijeydee,22
pik,26
Pikay,332
Pikla,49
pill,87
PILSEN,17
Pinipig,13
pink1,37
Pinkboy,310
Pinkii,425
pinpin,671
pint,16
PioloPascual,5
pipagao,262
Pipao,1
Pipi,82
pipi0810,85
Pipolist,99
Piste,15
pitus,154
pixieracydog,270
pj,7
pl,4
Platinum,100
Player96,42
pleasure,16365
PlongKoysz,136
pls,6
Pocholo,48
PocoEl,115
pocolocooo,4
pocporn,4278
Pogak,74
Point,639
poisonedwine,89
PokaMin,322
Pokang,18
Poki,167
pokkimin,657
poko,2598
pola,396
polita,933
polly,27
Pomegranate,627
Pompom,318
PomPomBoy,16
PomPomGirl,17
Pon,10
pong,2
Ponjiap,32
Ponsii,17
pony18,141
POOHBOR,9
pooki,1622
Pookie,43
pookie,108
pool,415
poom,5
Poomkin,4
Poooogs,66
poop,14962
poopieDuck,8
POP0Y,601
popcola,7705
Popoi,52
poppi,328
popsoda,19260
Por,196
porksteak,606
Porobear,7
PORSHA,157
posay,77
PoSeiDon,34
Posha,184
posie,15
Posporo,56
potatocube12,49
pottanesca,61
potter,3
Pouky,44
powfu,1
poya,86
POyyyyy,4
PP,216
ppi,17
pppurin,4
PQ,470
praline,15
PRATA,20
PRAWNNN,26
PrAy,9
prejudice,43
Premium,12
PrettyBoy,112
PRETTYGIRL,1082
pRim3_cHiq28,14
Primera,196
PRIMERO,21
Primopoop,1
Priscillia,4
Prismic,35
Pritii,10
Pritz,191
Prle,42
PrlncE,2
prn,430
Protagonist,7
Prozac,1476
Prutas,24
pryvt,49
Pryx,2
Psalm,796
Psithurism,6
psychotic,16
Psyia,443
Psylo,710
Ptik,1251
Ptim,396
ptx,19
Pucca,879
Puddin117,77
Pudling,72
PukeIya,272
Pukky,12
Pullmenot,19
Puma,66
Pumpkin,24
PumpkinDei,6
punchnello,43
Punyawut,267
Pupa,5433
puppii,95
Purity,69
PURPLE,1
Purpleey,130
purplemoon,12
PurpleSweetK,51
Purpliciousz,58
Purps,8
pusangina,2
Pushmenot,4
Pussy,9
puuki,1362
Puyat,9
Px,344
Pxiedust,55
Pxn,768
Pxy,260
pya,467
Pyg,99
Pymi,58
Pymon,2
pyoorel,1
pyre,1276
pyrl,41
Pyrrha,9
Pyrrhas,45
Pyrrhus,163
Pyun,53
qB,397
Qeityu,2
qeon,1011
qfaI,58
qfal,423
Qia,247
Qib,19
qistina,24
QiuFeng,621
QiuTian,689
qlo,4
qmi,29
qnsy,491
Qouh,35
QP,16
qqfae,1
QT,233
Qt123,4
qtqt,3
qtxpie,258
qty,1414
Quacku,149
Quanquan,85
Quantum50,10
quasar,49
Queasy,1
QuEeN,275
Queenlorder,81
QueenMiyukie,73
quiaxi,1084
quinlog,527
QUINN,106
Quinn017,27
QuinnAritzia,203
Quinnel,7
QuinnLuna,1
Quinquin,7
Quinslyy,1
Quistis,4
Quix,260
quo,48
Qwi,19
Qwyncy,179
QX5,1835
QX6,2050
qy,88
Qyn,11728
qyy,6279
Qyz,532
R3d,45
R9163,4
raaainnn,557
raam,7
Rabeerabbit,26
Rabin,820
RAchelkim05,1211
RACHELLE,775
Rade,2
rae,242
Raedwulf,60
RaeFinio,9
Raegan,515
Raein,2
Raejin,373
Raelys,46
Raeyo03,264
RAF,43
rafeut,342
Rafles,77
ragnatom,5
Rai,300
raia,100
Raichi,5
Raigeki,232
raigel,4
raii,18
RaiinDrops,4
Raijitsu,2
raika,555
raiko,68
Railie,341
Rain~,17
Rain0601,28
Raina,5
Rainiee31,32
rainn,603
rainnn,3
Rainny,879
RainySummer,13
rainyyy,111
Raisie,4
Raito,28
Raize,4
Raja,7
Rajia,592
Rakeruchi,31
Rakim,8
RAKKA,1
ralp,5
Raly,47
Ram2888,94
Rama,29
rambutan,92
ramen,22
Ramiro,11
ramjoe,19
Ramon,21
Ramune,76
ramyun,19
ramz,37
rana,387
Rancis,30
RandoMizer,4
rani,14
Rankerbaba,16
ranmaru,34
Rann,35
RaobFreecss,220
Rapeu,2
Rapi,13
rar,778
Ratchet,53
rav,3
ravage,1029
Rave,1
Ravellz,18544
Raven,373
Ravennnnn,3
ravi,69
Ravie,4
Ravish,260
rawrrr,6
raxx,312
raya,638
Rayel,24
Rayl,102
rayner,375
Rayu,8
RAZE,1
razer,7
Rb,2075
RB,205
rc,8
RCpogi,22
Rd,149
Really,42
Rean,123
ReavenGray,32
reb,214
rebelde,555
Reblee,321
Rebound,1
Reciprocate,282
ReD,4
Redddd,14
redge,188
REDLABEL,920
RedPH,432
Reeca,197
Reecee,30
Reen,1013
Reeri,13
Reesi,10
Reevan,28
Reewa,10052
Reeya,748
Reeze,90
Reggaelover,27
reggie,433
Rei3,20
reia,17
reid,11
reigh,191
Reii,7
Reiika,177
ReiiPH,154
Reiisin,108
Reiji,23
Reiken,261
Reiki,7
Reilyn,690
rein,20130
reina,14
Reinette,156
Reinhold,8
Reiny,8
Reise,449
Reishie,24
reissa,33
Reisu,936
Reject,102
reji,1412
RektItRuff,20
Rem~,2455
Reminisces,41
Remy,23
rena,459
RenaAurora,75
Renae,128
Renc,4
rencel,17
Renebaebae,58
Rener,1094
Renesme,7
Reni,1
Renjiro,10
Renkashime,138
Renn,2
REnREn,580
rentt,50
Renz,106
Renziee,45
Reoji,371
reol,84
Reony,1512
ReshieTIKTOK,92
Resign,165
rest,32
Rest,4
Restia,7
Retire,218
Retry,228
Revenge,130
Revii,15
Revise,57
Revrev,1020
Revum,23
Reyj,57
ReyoPH,1
reZilience,34
Rg,297
RGM,2
Rhads,269
Rhae,8
rhaena,644
rhaenys,352
Rhaisu,22
Rhane,1
Rhate,8
Rheen,563
rhemrhem,104
Rhiri,14
Rhod,373
Rhodey,186
Rhodora,64
Rhychien~,68
Ricassie,239
RICE,546
Richard,17
Richiyo,240
Richiyo20,10
Richter,20
Ricin,952
Ricoo,449
ricz,637
Ridget,4
Ridz,10
Riese,130
Rieyel,43
rifkin,66
right,287
Rihannna,28
Rii,8
Riiel,10
Riina,110
Rijen,46
RiJungHyuk,16
Rikku,9
Rileigh,50
Rimowa,5
RimuruPH,637
Rin,324
rina,33
RinChan,1
rinkashiru,419
RinkushiChan,6
rinoe,38
Rintarou,996
rioh,8
riokhen,295
Riona,43
Riony,524
Riot,4
rip,7
riposte,5
Rippersyte,317
Ririii,48
Ririka,2
Ris,104
Risen,257
Rishe,1
Rissel,156
ristretto,26
Ristretto,24
Ritsuu,18
Ritx,739
Riuzakii,4
Riva~,304
Rivas,117
rive,519
Rivenn,5
riverr,2
Rizei,53
Rizuki04,488
Rizumi,3
Rizuru,2
RizzalicioS1,11
rizzyyow,17
rjay,1019
rkii,72
RL,176
rlyx,8
rnm,232
Rnz~,410
Ro,585
Roarr,675
Robin,490
robot,508
RockerGirl,5
Rockzz~,19
rod,507
Rodelyn,11
rodni,734
Rodolphus,30
Rods17,6
rolaf,2
Romina,2
Romino,28
Romleigh,169
Roni,5
ronn,238
ronny,310
Roof,2
ror,510
Rorenzo,11
RosasPH,493
Roseberry,5
Rosee,101
ROSEE,128
RoseInVodka,1
Roseth,9
Roseyy,3
Roshuaa,49
Rosie,149
Rosiie,54
Rosse,773
Rosso,13
Rosy,99
ROTI,5
Roti,5
ROUIE,11
Rouiz,49
roux,758
Rouying~,3
rove,15
Rowers,105
Rowne,142
Royy,184
Royyy,96
Rozeline,14
Rozu,5
RP,4
Rphs,484
Rrr,26
rrups,10
Rsc,1
Rsnn,218
RTB,96
rua,14
rubbleman,1
ruben,43
Rubidium,525
RubyLovesss,58
Rudeboy,38
rudeus,200
Ruelle,11070
Ruffy,981
rugi,1562
RuIn,897
Ruix,956
Ruler,3
Runaldo,7
runbarbie,5
Rune,85
ruri,93
Ruriel,761
Ruriko,200
Rusei,23
Russell,813
Russia,2185
russianmafia,558
Rust003,616
ruu,4
RV,24
rvb,59
rvi,395
rvin,529
Rvy,9
Rwin,261
Rxss,30
rxx,338
ry,1
Ry,173
Ryaan,15
Rydd,99
rye,19
ryee,10
Ryh,429
ryia,15
Ryke,530
Ryla,6
Rylaichi,3123
Rymrt,320
RYNL,283
Ryokka,4
Ryowa,2
Ryr,563
Rysand,240
RYSE,136
Rysell,332
Ryue,100
ryuen,111
Ryujemi,46
RYUJI,29
Ryuka,406
Ryuko,337
Ryuuoh,1
RYX,713
Ryxz,24
Rze,30
S0YT1G4NG,14
Saac,1053
Saaeekii,14
Sabi,10
Sabreen,533
Sabri,35
Sabrii,73
saby,4
Sacchettini,315
Sacchettoni,23
Sachi14,409
Sachiiko,210
sadge,156
Saef,38
saeji,648
saeri,2
saet,204
Saf,1124
safia,149
Sagar,535
Sahuayo,18
SAI,1
SaIemku,691
saiko,3
SaingKaMuna,290
saito,16
sakae,29
sakamoto,236
Sakata,563
sakefox,18
SAKIYA,8
SaksandClayy,554
SAKSandCLAYY,470
sakumo,66
sal,321
Salemku,2994
Salleh,136
salmonroe,276
sam1uknow,123
Samantha01,8
Samarium,9
samie,30
Samira,11
Sammmmy,15
samsya,14
San1ty,192
sana,56
sancai,455
sanchi,44
SanchoPAPA,116
Sandei,603
sandoink,125
Sandrei,1021
Sandrine,31
Sandy,11688
Sange,246
sange,218
SangreK1M,348
SanMiguel,58
sanna,13
Sanreyooooo,1
SantaAnna,144
SantaCruz,2
SantaMaria,17
SantinoPH,65
Santouyuu,74
Sapie,24
Sapphy,232
Sappiell,59
sara,697
Sarin,1351
Saruna,26
Sasa,2
sasha,301
Sasha~,21
Sashimie,13
saskia,11
SassyCow,47
Satanic,9
SatanSoul,198
Satella,11548
Sativs,2
SATOSHI,740
Satoshiii,40
saturn,3
Saura,3
Sauvelle,318
Savage,21
savage,994
savannah,63
Savieeen,99
savina,460
savino,539
savory,463
saw,180
Sawadikap,417
sawi,3
saxa,251
Saxon,716
saya,344
sayless,884
saymahu,184
Sb,85
sbz,8
Sc,139
sc,329
SC30,18011
scape,659
scarfacelyle,730
Sceva,15
Schaden,4
Schaia,159
Scheil,1973
Schiar,79
Schiel,1386
Schitz,150
Schlinder,1
Schmidt,398
Schnyder,126
Schweets,24
Schweetz,6
Schylei,2
scone,17
scotch,37
scotia,371
Screen,335
Scroll,58
scrub,78
Scyld,468
scylla,794
Sd,15
SDRQ,2
sdsadas,28
Se,36
Se7en,18
se7en,80
seanm,376
Searah,10
sebastian,8
seby,48
Secreluna,105
secret03,16
Seeey,28
Seeryous,22
sefffff,21
Seffy,207
Segismar,26
Seh,6687
Seidi,222
Seig,14
Seiju,521
seira,16
Seirah,114
Seiri04,10
Seirin~,191
Seiron~,466
Seita,142
Seite,432
sej,1
seji,287
SekaiKun,128
Sekfan,179
Seleena,165
selena,12
Selfira,2
Selly,7
SelTibay,59
selyne,2
Senadora,1114
Senpaii,3
senri,6
Sentimental,129
Seohyun,31
seol,76
seongji,31
Sept,265
SequeaL,2
serabel,126
Seraph,26
Seraphim28,11
Seraphina3,3
serein,52
serenus,27
Serfort,152
sergiooo,37
serie,201
serioneee,16
Serious,21
serotonin,292
seroy,342
Sersi,37
Sertraline,64
Sesen,57
Set,25
SethRollins,28
Setiawati,61
Setsuka,7
Setty,10
seul,3
seungwan,53
Severo,882
Severus,1
Sevvi,2
sexylady,63
Sey,35
Seyara,464
Seyella,3
Seyno,8
sge,51
SHA,494
shabbyy,17
Shabugodz,12
Shadoxze,1651
SHAGGYYY,7
shaiah,1706
ShaiaPouf,173
Shaiiness,3
Shall,11
ShallowSea,1
Shalyn,46
Shami,533
Shana,248
Shane,7
Shanee,590
Shaqo,3052
shar,41
Shared,17
SHARK,4
sharmaineeee,25
Shauran,49
Shaw,179
Shawiiii,28
ShawnT,73
Shayl,115
SheaCoulee,7
sheewa,83
sheilabeyb,161
Sheli,26
shelliemay,18
SHEMBOT,1
sheree,3
Sherwood,3
shevv,130
shh,331
shhs,4
shibal,100
Shien,248
ShienRumYun,19
Shigatsu,3
ShigenoGoro,808
ShigenoKaoru,451
Shiibuu,19
Shiii,283
shiinn,35
SHIKAI,777
ShinBadoo,5
Shine0601,22
Shinggo,12
ShinichiK,8
Shinjie,30
Shinju,79
shinjuku,279
Shinjuku,86
Shinroooo1,42
Shinstar,79
Shirodes,9
shirogane,1
shirone,24
shiroo,421
Shirtiness,5
ShitSpace,28
shiu,85
Shizukai,331
Shizukuuuu,56
Shizuo,5
shng,996
Shobii,533
ShockTonight,3
Shojokyu,39
Shoktong,1300
shokupans,88
Shoong,6
shopeepay,430
short,2
shoti,66
Shottii,87
showgirlneek,302
Shoyo,108
Shrille,9
shrimp,411
Shriya,36
Shucream,7
shukm,36
Shuli,4
Shunaa,22
shunpo,36
Shurelia,1741
Shuta,25
shuvi,177
shw,929
SHx,14
Shyrie,22
ShyShei,381
shysushi,1
shyy,1084
SI0MAI,418
SIAMBU,27
SiaQuinn,105
Sibat,49
Sibika,24
Sicario23,1
Sieg,284
Siennace,2
SIEWMAI,51
sigh,2
Signora,25
Silakbo,7
SillyEggx,34
sillymau,19
Silom,259
Sim,126
simp,2
Simplysabiex,18
simsimi,73
Sincha,1528
SinfulAngel,82
SinfulMolly,46
SinfulRayuu,1
SinfulYaruu,1
SinfulYokai,285
Sing,11
SINGAPORE,15
SinichiKudo,433
SINIGANG~,70
Sinnie,491
Sinnoe,235
Sinreii,4
Sinta,308
siobe,336
Siobee,711
siobi,336
Siotee,693
Siovee,336
Sirakah,9
Sirawai,43
sirbartie,30
Sircccc,658
sirhc,100
Siruiz,117
Sisca,815
Sisters01,8
Sisters05,8
site,1
Sithiel,65
Siu,5
Sixto,552
Siy,2
Siyam,1632
sjc,1
ska,694
Skawngur,256
skem,20
SKI,23
Skie,21
Skinos,1315
Skip,1506
Skirmish,68
Sktr,47
skwalngbilog,5
Sky~,18
skyhighbaby,363
Skyler24,59
skyy,590
sl,57
Slake,566
sLashers19,41
Slayer,28
SleepyFish,1
SleepyPigZ,11
sleepytales,528
sleq,5
SLEX,1
Slit,149
slon,3
sluggy,12
slur,282
slyl,7
slyvie,12
slyvy,12
slyy,475
Smallbutt,3
Smexy,764
smg,221
smr,14
Smyx,5
sn,198
Snarvv,420
snazzy,29
snib,617
sniwp,2156
Snoop,87
Snowbell,146
Snowcloudies,45
snowwhite,1
SnowyDay,1
SnowyHeartz,573
snr,47
So,6
soa,9
soc,1
sod,41
soda,152
Sofinity,66
SoI,2
Soichiro,8
Soir,6
soji,435
Sojiroo,486
soju,138
soju702,7
SOL,5
SoL95,160
Solana,3
Solari,1070
SoLatina,439
SoLatino,48
Solda,1
Solee,718
Solehah,13
soleia,23
Soleige,1
Solene,28
Solfege,45
SolidHumble,29
Soliel001,59
solielle,79
solivagant,3
SOLO,30
solo,304
Somei,832
SongJihoo,17
SongYan,6138
SongYang~,25
SoniaLocsin,6
Sonne,1
Soo~ho,571
Sooju,921
soora,476
Soraaaaa,3
sorbetes,143
Sorcerer,122
Sorceress,226
sorel,11
soren,43
sori,522
sors,16
souei,379
Soujinne,7
Souka,311
Soul,109
Soul~,638
SouljaGi,392
souta,7
Souya,63
sova,18
sowfiyaaa,132
SoyaKid,241
sp,29
space,615
Spade,286
spammy,16
spark,54
SparkLe,578
Sparkley,1
SpeedStar,22
Spell,2
Spend,6
Spent,156
sph,553
SpicyLangPo,4
spicylatina,840
Spideey,44
Sponsaur,4
spot,869
Spree,21108
SprinkLe,575
Spunky,2024
Squall,3
Sry,154
sseuregi,6
sShiraYuki,8
ssibal,20
ssss,13
SSY,3
stacy,261
staku,7
Stalzer,1272
Star,5
stark,99
Starks,3
stassie,152
stax,1463
STEEP,47
stefan,17334
Steffhy,66
stein,42
stellalou,26
Stellaluna,135
Stelo,3
Stephen009,19
STEPHYY,18
Steppy,36
stevennn,14
Stevi,212
stewy,747
stibohC,32
stick,25
StickLe,224
StickO,23
stinkyboi,338
stirrer,103
Stllr,199
Stoko,29
Stomo,26
Stormii,44
Stormiii,1
sToRMyFuRy03,12
Strangerific,145
Strat,5
Stratus,10
Strawbewi,3
Strega,927
Strike020,6
Strowman,39
STTAAARRR,457
Sty,24
Su,64
Sub18,232
subroza,692
SubtleEyes,6
SUBWAY,10
suce,22
sue,1668
suede,68
Suen,526
Sueshi,7
SUGA,11
sugi,1384
suh,28
sui,15
suika,383
Suitchirou,50
suj,4
sujebi,6433
suji,420
Suki,2
sulk,176
sull,147
Suman,5
Sumayah,32
sumin,408
sumire,11
SuMmEr,26
Summer06,204
Sumsum,154
suna,12
Sune,155
sunfyre,37
Sungit,141
sungjaeash,27
SungJiwan,675
Sunisa,1915
Sunni,2
SunnyPH,589
sunsetbabe,26
SunsetZ,65
Sunshyn,1
suo,373
Suou,37
SuperDuber,96
support,370
supremaxy,160
supremojt,179
Surge,7
sushicat,20
Sushiii~,74
Sushiiii,638
SushiJean,114
Sushimiiii,585
susongmalake,6
SuTiLTibay,191
Suxi,10
suz,610
suzette,5
suzume,14
sven,12
Swag,82
Sweden,35
Sweetdreams,1
sweetie0325,30
SweetieS,91
SweetMemory,85
Swicy,621
Sxrhc,757
sy,4897
Syb,11
Sybil,71
SYD,132
Sydzel,4
Syjae,63
syke,4926
sylphie,159
SYLVER,127
Sylvina,188
Sylvis,533
Sylviz,525
Symphonia,834
syn,1
sync,14
Synesthezia,28
Synon,105
Syrey,294
Syringe,177
Szu,104
T3T3L35T41,19
T3xture,68
Taaffeite,20
TabMow,88
Tada,73
Taguro,5
tah,541
Tahlia,8
Tahlulabel,1
Taiga~,3
Taigaa,41
Taigaaa,2
Taiju,16
Taiko,79
TaIly,1067
Takashaaaa,64
Takashiiii,4
takaw,4
Takazu,27
Taki,153
tako,29
TAKOYAKI,12508
Takt,124
Tala,51
Talbos,29
TalcPH,144
taldz,158
TalongPH,170
Talsy,8858
tamahome,6529
Tamaki,5
Tambee,429
tame,874
TamPH,2
tamra,32
TaN,5
Tana,57
Tanashiri,3
Tancredi,34
tania,28
Taniel,30
Tanix,2
Tantanx,2
tantxn,9
Taooooo,55
tap,136
TapikoTakupe,25
Tapsy,1
tar,53
Taray,77
TarayPH,140
Taroy,535
TashoNTasha,6
TASTE,1003
tasty,507
Tatsumiiii,15
Tatt0o,6
tatum,480
tauhuey,40
Taurie,177
tax,72
Tayce,140
tayo,14
tazzanah,33
TBG,9
TC~Axton,252
TC~Coua,894
TC~Cuex,204
TC~Darius,25
TC~Gaspar,833
TC~Kep1er,46
TC~Kintaro,665
TC~Luna,769
TC~Rav,1739
TC~Rren,189
TC~Santal,430
TC~Scarlet,1087
TC~Solaris,918
TC~Stella,759
TC~Tetsu,392
Tdr,38
tdy,27
Te,3
TE,32
Tea,8
teaa,3
TeCkie,517
Teddy,204
teemoo,12
teeny,78
Teerak,76
TEHBING,38
Tei,371
Telecst3r,22
Templar,148
Temporary~,3
tempt,8
Temptation,64
tems,51
ten,382
tenacity,5
tenebris,22
tensai,355
Terra~,538
Terrytgh,5
Terter,7
teryo,10
Tesorino,15947
Tess,16
Tessia,677
Teynn,13
TgtS,3
TH,29
th3Alphab3tx,6
thad,8
Thalya,15
Thanks,2
Thareen,1
Theanna,5
TheGa,53
TheGaa,3
Theia,13
Theone,50
Theoni,4
Theonn,7
Theophobia,10
Thessaly,113
Theti,391
thia,5
thirsty,517
ThoktonnJUBU,39
Thongsterr,15
ThrowGabby,660
Thudz,338
Thunderous,588
thym,116
tianyu,1
TiBongsky,358
Tidehunter,21
TiKbalang,33
TikoTiko,66
Tikoy,1
TikTik,41
TIKYA,720
Timmi,28
timothy,32
tinay,24
Tine,115
TINE0102,3
Tineapie,560
tingap,644
Tingaw,2
tinidor,335
tink,3668
Tinnk,1284
Tinola,17
Tiocson,24
Tipzy,1095
Tirso,4
TirsoKushIII,4
Tirza,65
Tisay,37
Titanium,1
Titigasan,95
Titikman,7553
Tito,318
Titti,841
tk,1895
tkwl,23
Tkzzzz,22
Tmthy,174
TOAST,8
toastea,859
tobey,152
tobias,23
Tobichi,3
Tobirama,253
Tocino,10
Todd,38
toffi,994
TOFI,43
Tofiluk,45
tofu,69
Togekiss,8
Toh,6717
tokkki,16
tokyo,35
Tokyo~,25
TomatoPotato,6
Tomayto,868
Tomebooo,72
Tommeh,23
tomo,32
Tomomichi,4
TomPH,123
Tongyao,5
TongYao~,776
toni,10
Tons,77
Tonyz,5
Toodles,264
Toodlez,541
topakin,15
TopaKing,241
tophe,1201
torashe,492
torashi,736
Toray,1468
Tornado,1494
TortangPH,153
Tory,193
Toshizuki,4914
TotoyBibo,8
Totropahin,46
Touch,1009
toufu,59
Toukaa,17
TouyaPH,42
Touyo,136
Tova,1
TowTan,106
TOWVI,38
toyoin,157
Toyomoto,14
ToyoQuin,29
Toyosaur,54
ToyToy,16
Tozen,19
TPLEX,5
TQ,48
trae,149
tragedy,157
tragic,127
Transpepper,266
Trapholes,12
Traumerei,197
Trayc,9
trayson,11
treat,42
Tresemme,19
trev,103
trey,544
Trick,5993
tridasaur,51
Trident,91
Triggered,210
Trishia,4
trixtan,163
Trixxxie,12
tru,6
truffle,37
TRUFFLE,17
trx,21
Trx,61
Tsikot,35
Tsoko,51
Tsukii~,305
Tsunade,6
Tsunami,1496
TsupTsuup,12
tsuyu,200
TT,121
TT~,1311
ttam,332
Ttofu,660
Tua,152
TUBA,438
tube,21
tucker,68
tudou,37
Tue,74
Tuepepet,40
Tupad,609
TUPAD,478
turf,2
TurnOFF,31
Tutching,19
Tutorial,28
TUTU,8
tutyu,89
tuwina,231
Twee,649
Twilight~,313
twinktop,6
Twinx~,608
twisterfries,25
twix,31
two,10
Twoo,70
Txshiro,143
tyang,89
Tycheee,9
Tycheros,5
tydle,50
TyeiShia,40
Tyeishio~,975
Tyleeeeer,2
Tylos,40
Tyne,89
tyr,33
Tyron,138
Tyullib,2
Ubetot,7
Ubi,495
UCanTaughtMe,12476
UDON,61
udondumpling,57
uen,104
UG,853
Ugh,2
Uhhuh,90
UjizPH,124
ukiya,602
Ula,21
Ulickba,1
Ulickbae,37
ulitan~,19
Ulso,110
um,130
Umay,1092
Umdel,26
Umeda,21012
Umeya,21006
umu,17
UNCON,669
ung,12
Unii,80
Unionbank,16
unkind,403
UnknowN,351
UNNAMED,1
unobrown,11
Unohana,535
unu,3
uou,15042
UpperKAT,179
Uranium,9
UrAnn,3
Urat,1102
Urgent,3
url,33
urm,168
usdt,544
UseLess,49
uvu,86
uzui,93
uzumaki,7
Uzuri,8
V1N,7
Vacation,70
Vaccaria,11
vae,33
vaera,15
Valentino~,15
Vali,3
Valkrie,3201
Valkyria,218
Valva,11
Vampy,59
Van,7
Vanayah,558
VANEE,118
Vangiebarr,28
Vanillaa,138
VANN,40
Vaporeon,15
Var6,20
Varian,21
varrxcia,6
Vashi,117
vau,661
Vause,33
vb,7
vea,59
Veighn,5
veile,17
Veine,7
veko,233
Vela,86
veloso,2
Velphynxe,1060
veni,1162
Venicee,123
VenisseD,2
venom,430
Ventiterre,140
veraa,1
Verr,8
Verso,106
Verum,27
Vesperiah,59
Vesperian,1566
Vesperion,1945
Vess,209
Vester21,9
Vetis,33
Vexarion,887
vexi,25
VexyAOSF,6
veyb,617
VIA,31
via,582
Viahn,49
vicente,81
victoriA,3
vid,52
Vidor,206
Vidx3,2
Vielyn,706
Vier,11
Viery,99
VigiLanTeSht,86
Viisong,76
Vinamilk,12
Vindicta,14
vinn,19
viola,89
Violethv,1992
Vionn,7
viq,8
Vir,229
ViraMarieKim,683
Virk,44
virtuoso,36
Virtuous,1225
Virusss,16
Visenya,177
Vishue,1043
vitagen,2562
Vitalis,52
vitamin,1
viu,113
Vivienne,17
vixi,4
Vkia,3
Vladilena,117
Vladyx,194
Vladz,1
Vn,463
vncent,15
Vo,7
Vodkaababy,81
VodKen,231
Volk,257
Volkswagen,46
Volts,3
Vooorg,1
VORJ,1
vox,14
voxen,409
Vrai,11
vreo,79
vri,7
VSOP,42
Vtec,60
vuwqie,75
vwvwv,32
Vx,504
Vyaene,3
Vye,6
Vyla,8
vynn,506
Vynn,19
Vyza,3
Vz,637
wabbit,65
wad,8
Wadz,12
Wae,540
Wafffuuu,9
waffle,47
wafi,265
Wafol,35
wag,10
wahafenvela,6
waiemea,61
Waine,30
waln,677
WalterxWhite,10
wan,156
Wanderlust,3
wane,401
WANGG,25
Wangyu,23
WanPH,448
Wanstein,249
wanyu,500
wards,210
Warfarin,602
WarmCoke,1
Warner,32
wasabiii,75
wat,15
watsmaineym,18
watson,444
wav,543
WavesS,20
wbzd,14
wcyd,82
Weakling,7
WeeCha,2
Weeei,67
Wei~,3
Wein,2155
weins,14681
WEIWEI,11
WeiWeiAn,2
wello,3
Wenchiii,145
wenda1819xx,5
Wendsj,137
Wenraye,76
wenx,714
weo,277
wervs,13
WEST,49
WET,492
wetty,60
whatever,41
Whatsapp,29
Whiskeydelta,52
WHITEBOIJICE,11
Whitelovee,10
Whitesmith,23
Whitneyz,10
Whoppiee,218
Whz,4
wi,18195
Wia,694
Wichita,29
wife,8
Wigi14,4
Wiiinter,38
will,353
WindArcher,16
windmill,65
WINE,1179
Winslow,29
winstonho100,124
Winterberry,19
Winterer,9
WinterFall,460
Wintermelon,9
WINVIE,3
Wira,486
Wiuasaur,100
Wiyo,74
Wizard,35
wizards,6
wizoo,21
WlNE,344
wm,51
Wndsj,69
wny,3
woeful,705
won,2678
wongravee,2
Wonhee,57
Wonstein,336
Wonwoo,53
woodybeast,23
woolsy,196
wooo,9
woop,547
WorkersParty,6
Worm,553
Wormie,60
Worse,665
wov,717
wOw,26
wowy,727
woyao,1
wp,289
Wree,8
wright,16
Wryan,1
ws,26
wsh,55
wsm,8
Wtf,36
wtv,4
wulai,95
wunao,136
wuornos,98
wuseh,121
wuv,1022
wuy,55
wuzz,2
WWX,5
wxsp,239
wxy,397
wye,133
Wyex,65
wynn,218
X~,21
x1an,63
X3M51Z,21
xabelle,458
Xabi,89
xaely,1326
xaev,196
Xaffe,20
Xaiguelia,12
Xaih,10
Xaio,162
Xaivier,543
xalea,40
xAlv,24
Xamateb,95
Xan,2
xAnde,11
Xandel,307
Xani,338
Xano,158
Xanth,32
xAnxietyC,13
xArcadia,16
xareni,170
xArizay,3
Xavv,8
xAx,13
Xaxadi,7
xay,32
xAyanokojix,11
xayn,475
xAYYISHx,102
xBanaenae,39
xBeat,205
xBIRU,5
xblackheartx,1702
xBread,37
xBrightness,23
xcb,14
xChams,207
xCream,58
xcvbn,217
xcz,1232
xD,62
xd,512
xDEATHx,7
xDen,45
xe,16
xebec,499
Xeela,16
xeij,335
xeil,1081
Xeira,528
Xeiv,87
xeks,337
Xel,60
Xelene,57
xeng,480
Xenia,2
xenia,35
xeniaa,424
Xeranz,3
Xerenity,27
Xertz,1
xeru,2
xery,36
xevaiah,13
Xevole,9
xeyn,1023
xeyvion,291
xfishx,132
xFluffih,61
xFranz,162
xGene,1
xGutzx,156
xha,35
Xhandra,526
xHavocx,73
xhera,20
xHuuuii,48
xi,296
XIAA,1054
xiaa,7
Xiaang,76
Xian,202
xian,4
xiaobendan,1
Xiaohui,100
Xiaomao,119
xiaosan,5
XiaoYen,112
Xiaozy,289
Xiauo,1005
xiaxue,16
xiel,1146
Xien,54
xiena,274
xiena77,2
xierra,4127
XieXie,26
xifan,911
xiia0wong,71
xim,14
xin~,9
XiNagasaki,4
xinfu,70
xing,17
XINN,4
Xinxanzu,6
Xiue,642
Xiyoh,746
Xiyu,1566
xJas,44
xjj,580
xJyn,11
xka,4
xKopiC,477
xKydd,17
xlg,15
xllx,128
xlvs,1
xlyse,63
xlyza,2
xm,104
xMary,18
xMaye,21
xmg,300
xmiichhieex,33
xMimingx,130
XMinatoX,7
xmomo,405
xNana,214
xNANA,378
xnxx,451
xox,2
XQ04,2581
XQ1,1645
XQ2,1308
XQ3,1295
XQ7,1410
XQ8,1594
XQ9,2068
xRamen,17
xRamyeon,28
xrated,40
XREI,704
xRio,30
xRyu,4
xSELENAx,257
xSillyEgg,76
xsky,596
xSour,74
xswl,13
xTaknaydana,604
xTehC,667
xtie,9
xToyangx,104
xtx,2329
xtz,73
xue0,48
XUEQI,365
xui,3
xv,98
xVeedg,156
Xvn,59
Xvy,1
xwg,76
xwy,367
xXAthenAXx,9
xxAthenaxxx,76
XxCuteDxX,5
xXCutieXx,24
XxHappyxX,59
xXJoyaXx,7
xxKehnichi,5
XxLeLouchexX,53
xxLMGxx,1
xxLunaxx,77
xXMaomaoXx,33
xxnicool,13
xxnx,186
xxOELxx,1
xxOZZYxx,3
xxPEEJxx,429
xXUANN,1
xxwhalezxx,10
xXxHAZELxXx,217
xXxprincexXx,38
XXXX777,222
xxXxXxXx,30
XxYaNdAoxX,23
xYangyang,4
xYeriii,137
xyffie,696
xykia,321
XYLA,338
xylea,20
Xyleria,13
Xylerio,255
xym,441
Xymar,4
Xymara,282
xyn,87
xynthe,18
xyperazxc,15
Xypo,17
Xyq,14
XYR,905
xyra,129
Xyrax,24
xyre,13
Xyresse,14
xyriel,3
Xyris,20
xyrisse,49
XyrlY,5
xyro,13
Xyy,14
Xyza,15
xyza,304
Xyzu,100
XYZY,1
XyzzCs,1
xzeus,9
Xzian,5
xzy,30
xzyn,2
y0gurt,4
Yaanggg,162
Yabai,13
Yaeth,2
Yaffa,195
Yahj,18
Yaio,71
yaj,442
Yaj,102
yakap,79
yakicarl,90
yakichai,15
yakiniku,28
yakult,1275
Yali,473
yamada,15
Yamadakun,2
yame,393
Yamete,179
YAMI,10
Yamot,1232
Yanah,241
yanfei,45
Yangp,1
Yanni,21
YanRuYi,536
YanS,22
Yanyaaan,29
Yaohav,1316
Yaoji,65
Yaori,41
yapper,10
yara,1026
YARA,648
yasha,118
yassine,31
Yasuo,226
Yasuuu,13
Yasviel,8
YatoOwYeah,3
YatoroPH,535
Yaviere,29
Yavuz,132
Yazuka,474
Yazz,2
YB,360
Yblis,671
Yca,77
ycc,50
yclehcar,34
YeahNahh,26
yebi,6
yeena,574
Yeji,31
yejun,282
Yekka,139
Yel,167
yel,24
Yellow,33
yelo,52
yelrihs,3
Yelyah12,4
yeng,835
YenneferPH,251
Yeojaa,138
Yeong~ro,73
Yeonin,416
Yeonu,4
yeoubi,35
Yeray,30
yEs,9993
Yesa,4
Yetti,3
yeu,974
Yeu,29
yezi,106
yf,207
Ygs,174
Yhem,477
Yhuby,822
Yhuna,31
YhunoTibay,337
YHx,6
Yichen,4
Yieeee,4
Yien,8969
yieul,125
Yif,11
yilu,9
Ying,510
yingp,32
Yise,62
yiv,160
Yj,21
YK,391
ylem,268
ylmd,22
YnaMocha,43
Ynez,118
yng,11
Ynnos,27
ynyr,252
yo,4
Yobab,115
Yoboo,62
Yoeshi,43
YohanPH,336
Yohji,229
YOK,258
Yokina,496
yolkie,1148
Yomu,628
Yonaaa,333
yondae,51
YongZee,32
yonhee,56
yonjae,58
YOONA,12
YoonJii,5
yoonu,355
Yoonzino,182
YorForger,107
Yoriichii,79
Yorika,85
Yoriko,87
yoruka,53
yosh,74
yoshi,19
Yoshie,35
yoshiiv,652
Yoshiko,1685
Yosukee,286
yosx,125
YoungNigga,22
YourKing,345
YourMine,5
YourQueen,69
Yowe,17
yowjeh,297
yoxen,10723
Yoyen,241
yr,35
yra,83
Yres,272
yrii,301
Yru,7
ysbt,4
ysha,6
Ysho~,819
YsI,788
Ysie,33
ysna,186
Yssa~,460
Yssem,19
Ystorbo,2
Ythan,35
yu,29
Yubi,487
YUCHENGG,14
Yue~,210
yuei,366
Yuei,24
Yuel1999,17
Yufie,558
yugen,387
Yugiro,22
Yuha,32
yuie,10
Yuihorie,107
Yuiie,15
Yuiino,321
yuika,27
Yuji~,201
yujun,248
yukaaaaa,344
Yukari,52
YukiiChan,13
Yukimura,11
Yukito,96
YukitoPH,208
Yuliks7,22
yulkie,405
Yumburjer,81
Yumiella,412
yumii,37
Yumiikoo,67
YUMIKO,37
Yuminaru,6
yumiyaaa,4
YummyYummy,52
Yumu,9
Yunah,58
YunHee,11162
Yunisae,3920
Yuniseu,8334
Yunzil,685
Yup,30
yurie,137
Yuriiko,582
Yurrie,576
Yushino,1
Yutaa,1
Yuuhi,28
Yuuho,10
yuuhsee10,626
Yuui,2
yuuk,50
yuuling,631
yuuna,228
Yuunagi,2
Yuutah,3
YUUTO,20
Yuuuuji,1
yuwan,1152
Yuwen,48
Yux,327
Yuxiah,4
Yuz,118
Yuze,7261
yuzie,750
yuzlis,26
Yuzuki,10
Yuzurine,216
Yvenxiel,27
yvette,15
Yvine,16
Yvlis,505
yxjq,36
Yxxl,74
yyzz,9380
Yzak,966
Yzekiel,9
YZENT,5
yzm,930
Yzo,280
za,623
Zabi,225
ZACK,216
zaeryah,703
zaeryan,604
zaf,3
ZAFIRO,23
Zahri,1057
Zai,135
Zaica,1
Zaijan,46
zain,6
ZaiN,90
Zaina,209
Zais,14
zal,421
Zallen,379
Zan,44
ZandoMiguel,2
Zandra,14
Zandrino,74
Zanna,7
Zannn,4
Zara,2
Zaren,20
Zarion,2050
Zarriah,8
zau,32
zausy,145
zavy,211
zay,542
ZAYDEN,24
Zaylo,15
Zaynah,88
Zayne~,1
zbl,96
zbs,11
zcz,100
Zebedee,27
Zebii,19
zec,13
zecye,492
zed,408
ZeeX,18
Zehra,24
Zeiaa,96
zeian,43
Zeii,36
ZeiiXhania,29
zeij,32
zeinne,3
zeiri,85
zeko,6
Zel,770
Zelkie,572
zelle,26
Zenaroc,462
Zendaya,44
zendaya,46
Zendreia,331
Zendreiu,66
ZENITSU,19
Zenji,10
Zennn,100
zenos,5
ZenPH,911
Zenytra,141
zenzense,942
zep,30
zephyr,276
zephyrus,4
zere,3
ZerefBlythee,60
zery,2
zesh,34
zett,44
zeuce,38
ZeusPH,891
Zeux,519
zevaiah,20
zevi,179
zevy,503
Zeya,70
Zeyh,347
Zhae,5
zhai,3775
Zhaiy,308
zhaniah18,53
Zharie,1387
zheesh,9
Zheline,15
ZHENNY,14939
Zheryl,366
zhh,638
zhia23,19
zhiu,55
Zhori,129
Zhulian,54
Zhuri,1073
zhxl,427
Ziaaa,777
ziaqueen,103
zibi,6954
zid,9
Ziddane,35
zie,573
ziel,34
ziggy,151
Zihro,862
zii,74
ziius,4
Zinfandel,3
Zionace24,1
ZionLucas,7
zise,310
zisu,3728
zjk,1000
zn,11
Zn,6
Zoa,12
Zoebelle,34
Zoelle,5
zoi,45
ZoiTheos,13
Zojie07,50
Zojiya,199
Zoloft,241
Zonaite,2
Zone7,9
Zorian,1951
Zoweey,18
zoww,7
zoxen,13888
zozo,17
zphere,363
ZQ,412
zqla,297
zQpress,13
zrn,36
zsezekiel,10
Zsu,547
zsz,1187
zue,968
zuki,20
ZUKO,1
ZULFIQAR,731
Zuno,5049
zupp,24
zuri,164
Zurix,254
zus,509
Zuxhin,546
Zuzen,66
zuzi,148
zVincyz,10
zway,9
zwe,52
zword,116
Zxafari,3
Zxc,3
ZxC,74
ZXC,63
zxcYanYan,9
zxq,799
Zxyuu,9
Zxyz,14
zxz,386
ZY,119
Zydria,14
Zydrio,16
zye,7
zyin,12
zylea,10
zylen,31
Zylo,12
zystella,9
zyzoe18,1
zzno,37
Zzzed,4
zZzZz,22